id,filme_id,usuario,nota,data_avaliacao,comentario
1,1,usuario_12,4.6,2025-02-04,Surpreendente!
2,1,usuario_16,1.4,2025-08-19,Obra-prima!
3,1,usuario_11,1.9,2023-11-05,Fotografia linda
4,1,usuario_19,4.7,2025-10-20,Atuações incríveis
5,1,usuario_48,3.6,2024-01-03,Ótimo roteiro
6,1,usuario_46,1.5,2024-04-05,Atuações incríveis
7,1,usuario_27,8.7,2025-12-21,Efeitos especiais incríveis
8,1,usuario_36,8.8,2024-03-12,Excelente filme!
9,1,usuario_46,9.6,2025-06-02,Gostei bastante
10,1,usuario_30,7.5,2023-12-16,Ótimo roteiro
11,1,usuario_19,2.4,2024-04-11,"Péssimo, não recomendo"
12,1,usuario_23,4.5,2025-02-04,Ótimo roteiro
13,1,usuario_9,7.4,2025-12-29,Poderia ser melhor
14,1,usuario_49,8.0,2024-01-17,Ótimo roteiro
15,1,usuario_16,7.9,2024-02-07,Não gostei muito
16,1,usuario_11,2.0,2026-01-24,Não gostei muito
17,1,usuario_18,1.5,2023-11-23,Ótimo roteiro
18,1,usuario_3,3.6,2025-01-01,Roteiro fraco
19,2,usuario_6,3.9,2024-01-20,Gostei bastante
20,2,usuario_3,5.0,2024-03-06,Excelente filme!
21,2,usuario_2,8.9,2025-11-30,Poderia ser melhor
22,2,usuario_49,1.3,2026-04-06,Ótimo roteiro
23,2,usuario_30,3.2,2025-06-26,Ótimo roteiro
24,2,usuario_24,6.6,2024-11-24,Obra-prima!
25,2,usuario_50,8.3,2026-03-05,"Péssimo, não recomendo"
26,2,usuario_36,5.2,2023-07-20,História cativante
27,2,usuario_39,7.4,2025-01-15,"Péssimo, não recomendo"
28,2,usuario_50,8.0,2026-03-28,Atuações incríveis
29,2,usuario_24,9.1,2024-11-06,Atuações incríveis
30,2,usuario_16,9.7,2025-10-12,Filme razoável
31,2,usuario_34,1.9,2024-08-28,Roteiro fraco
32,2,usuario_6,2.6,2025-05-28,Obra-prima!
33,2,usuario_7,5.7,2024-04-14,"Muito bom, recomendo!"
34,2,usuario_2,4.6,2025-03-03,Gostei bastante
35,2,usuario_45,1.9,2024-07-10,Obra-prima!
36,2,usuario_15,4.1,2024-07-21,Atuações incríveis
37,2,usuario_9,2.1,2023-08-13,Excelente filme!
38,2,usuario_22,3.0,2025-01-20,"Péssimo, não recomendo"
39,3,usuario_21,1.1,2025-09-10,"Péssimo, não recomendo"
40,3,usuario_46,3.0,2025-01-12,Não gostei muito
41,3,usuario_11,2.5,2023-08-24,Surpreendente!
42,3,usuario_29,5.9,2024-06-28,Atuações incríveis
43,3,usuario_41,7.0,2023-09-01,Efeitos especiais incríveis
44,3,usuario_21,9.9,2023-09-11,
45,3,usuario_4,2.8,2025-01-18,Não gostei muito
46,3,usuario_8,4.7,2023-10-23,"Muito bom, recomendo!"
47,3,usuario_13,8.8,2024-01-21,Vale a pena assistir
48,3,usuario_26,7.7,2023-09-17,Atuações incríveis
49,3,usuario_31,5.9,2024-10-02,Roteiro fraco
50,3,usuario_28,4.8,2026-04-06,Direção impecável
51,3,usuario_31,6.2,2023-07-31,Não gostei muito
52,4,usuario_44,2.8,2025-03-23,Excelente filme!
53,4,usuario_3,1.2,2024-05-04,Surpreendente!
54,4,usuario_26,9.6,2024-01-02,"Muito bom, recomendo!"
55,4,usuario_50,3.7,2025-08-28,Decepcionante
56,4,usuario_35,6.3,2023-08-18,"Péssimo, não recomendo"
57,4,usuario_43,1.1,2025-11-28,Roteiro fraco
58,4,usuario_37,8.2,2023-09-06,Vale a pena assistir
59,4,usuario_2,4.2,2025-07-06,Efeitos especiais incríveis
60,4,usuario_20,2.5,2025-09-29,Efeitos especiais incríveis
61,4,usuario_40,3.0,2026-02-17,Excelente filme!
62,4,usuario_24,4.6,2023-12-06,Trilha sonora marcante
63,4,usuario_44,7.2,2025-07-14,Obra-prima!
64,4,usuario_26,7.9,2024-06-25,"Péssimo, não recomendo"
65,4,usuario_39,9.2,2025-08-26,Excelente filme!
66,4,usuario_15,6.6,2025-01-28,
67,4,usuario_31,5.0,2025-10-09,Não gostei muito
68,4,usuario_21,5.4,2024-01-03,Fotografia linda
69,4,usuario_8,5.6,2024-07-24,Obra-prima!
70,4,usuario_47,2.6,2025-07-05,"Muito bom, recomendo!"
71,5,usuario_24,8.4,2026-04-10,Gostei bastante
72,5,usuario_3,9.7,2025-02-02,Vale a pena assistir
73,5,usuario_32,4.4,2025-05-17,Roteiro fraco
74,5,usuario_19,9.1,2024-03-08,Trilha sonora marcante
75,5,usuario_14,7.7,2024-10-16,Ótimo roteiro
76,5,usuario_21,4.5,2025-04-29,História cativante
77,6,usuario_47,9.2,2025-01-13,"Muito bom, recomendo!"
78,6,usuario_16,9.6,2025-08-05,Obra-prima!
79,6,usuario_29,9.1,2025-09-30,Direção impecável
80,6,usuario_1,9.7,2024-09-11,
81,6,usuario_47,2.1,2025-01-26,Decepcionante
82,6,usuario_33,5.8,2024-02-06,Não gostei muito
83,6,usuario_28,3.4,2024-03-10,História cativante
84,6,usuario_25,7.2,2024-04-05,Obra-prima!
85,6,usuario_24,7.7,2026-03-15,Fotografia linda
86,6,usuario_15,6.8,2024-11-23,Excelente filme!
87,6,usuario_25,8.0,2024-05-17,"Péssimo, não recomendo"
88,6,usuario_19,8.5,2026-04-07,"Péssimo, não recomendo"
89,6,usuario_38,8.9,2024-03-13,Trilha sonora marcante
90,6,usuario_16,8.2,2025-11-28,Gostei bastante
91,6,usuario_25,6.4,2025-03-05,Roteiro fraco
92,7,usuario_25,4.2,2023-11-15,
93,7,usuario_13,7.2,2025-12-19,Muito longo
94,7,usuario_10,2.8,2023-12-22,Filme razoável
95,7,usuario_19,9.3,2023-09-05,Roteiro fraco
96,7,usuario_47,6.6,2024-01-26,Obra-prima!
97,7,usuario_36,2.3,2026-01-22,Roteiro fraco
98,7,usuario_3,7.8,2025-10-05,História cativante
99,7,usuario_9,3.2,2024-05-11,Surpreendente!
100,7,usuario_14,4.3,2025-11-13,Roteiro fraco
101,7,usuario_44,1.5,2025-03-19,"Péssimo, não recomendo"
102,7,usuario_41,7.9,2024-03-14,Trilha sonora marcante
103,7,usuario_34,2.3,2025-07-31,Surpreendente!
104,7,usuario_49,7.2,2025-10-10,Poderia ser melhor
105,7,usuario_38,1.3,2025-10-18,Ótimo roteiro
106,7,usuario_25,2.9,2025-09-09,Surpreendente!
107,7,usuario_21,4.5,2025-01-18,Surpreendente!
108,8,usuario_50,6.3,2023-09-20,Efeitos especiais incríveis
109,8,usuario_33,9.9,2026-03-09,Trilha sonora marcante
110,8,usuario_23,5.5,2025-12-02,Fotografia linda
111,8,usuario_25,2.9,2025-10-31,Filme razoável
112,8,usuario_36,5.8,2024-01-07,"Muito bom, recomendo!"
113,8,usuario_13,8.1,2024-09-29,Obra-prima!
114,8,usuario_49,6.2,2023-07-20,Gostei bastante
115,8,usuario_23,6.7,2024-01-22,Surpreendente!
116,9,usuario_3,5.5,2025-07-06,Roteiro fraco
117,9,usuario_38,7.9,2024-07-20,Direção impecável
118,9,usuario_40,1.5,2025-08-26,Decepcionante
119,9,usuario_34,4.4,2024-01-21,Não gostei muito
120,9,usuario_12,8.5,2024-08-15,Decepcionante
121,9,usuario_11,4.4,2025-08-11,Muito longo
122,9,usuario_36,7.5,2025-03-25,Surpreendente!
123,9,usuario_34,6.2,2023-09-25,Fotografia linda
124,9,usuario_33,3.9,2025-12-29,Trilha sonora marcante
125,9,usuario_47,4.4,2024-05-15,Não gostei muito
126,9,usuario_34,1.8,2024-08-14,"Muito bom, recomendo!"
127,9,usuario_40,8.5,2024-03-15,Excelente filme!
128,9,usuario_28,1.1,2023-11-09,Surpreendente!
129,9,usuario_21,9.0,2024-01-21,Ótimo roteiro
130,9,usuario_16,3.9,2024-02-28,"Muito bom, recomendo!"
131,9,usuario_41,1.5,2024-03-27,"Muito bom, recomendo!"
132,9,usuario_25,9.1,2024-11-27,Muito longo
133,9,usuario_23,2.8,2024-10-07,Ótimo roteiro
134,9,usuario_10,8.2,2025-11-26,Efeitos especiais incríveis
135,10,usuario_15,6.7,2025-01-21,"Péssimo, não recomendo"
136,10,usuario_43,3.8,2024-05-03,Roteiro fraco
137,10,usuario_5,9.3,2024-01-31,Obra-prima!
138,10,usuario_47,6.1,2026-03-30,
139,10,usuario_11,5.9,2023-09-26,Muito longo
140,10,usuario_14,4.2,2025-01-06,Vale a pena assistir
141,11,usuario_19,1.4,2025-04-27,História cativante
142,11,usuario_36,8.3,2025-06-23,Filme razoável
143,11,usuario_16,9.8,2023-12-16,Muito longo
144,11,usuario_10,8.8,2024-03-08,Obra-prima!
145,11,usuario_1,5.6,2024-07-08,Gostei bastante
146,11,usuario_13,2.0,2023-09-11,Muito longo
147,11,usuario_5,9.1,2025-11-18,Direção impecável
148,11,usuario_22,9.1,2024-08-15,"Muito bom, recomendo!"
149,11,usuario_32,2.7,2025-04-29,Atuações incríveis
150,11,usuario_22,2.1,2025-04-19,"Muito bom, recomendo!"
151,11,usuario_20,1.0,2025-08-07,Muito longo
152,11,usuario_1,3.3,2023-10-07,Excelente filme!
153,12,usuario_14,1.7,2025-09-05,Decepcionante
154,12,usuario_30,4.2,2025-01-19,Efeitos especiais incríveis
155,12,usuario_10,4.2,2024-03-07,Atuações incríveis
156,12,usuario_23,5.4,2023-10-23,Muito longo
157,12,usuario_22,7.9,2025-12-17,"Péssimo, não recomendo"
158,12,usuario_24,6.7,2025-11-13,
159,12,usuario_50,6.4,2025-06-22,Vale a pena assistir
160,12,usuario_13,5.7,2025-06-14,Surpreendente!
161,12,usuario_8,5.3,2023-08-21,
162,12,usuario_23,2.2,2025-08-10,Obra-prima!
163,13,usuario_12,6.2,2024-05-12,Roteiro fraco
164,13,usuario_34,4.2,2025-01-18,Ótimo roteiro
165,13,usuario_14,9.0,2024-01-30,Decepcionante
166,13,usuario_30,6.1,2024-02-11,Efeitos especiais incríveis
167,13,usuario_7,9.9,2025-09-11,Vale a pena assistir
168,13,usuario_38,3.0,2025-07-21,Decepcionante
169,13,usuario_7,4.8,2025-12-04,Ótimo roteiro
170,13,usuario_15,5.7,2025-10-24,"Péssimo, não recomendo"
171,13,usuario_48,8.4,2024-05-17,Surpreendente!
172,13,usuario_36,2.7,2025-03-01,Vale a pena assistir
173,14,usuario_21,6.4,2024-05-04,Poderia ser melhor
174,14,usuario_27,3.2,2026-02-22,Gostei bastante
175,14,usuario_15,4.6,2023-10-27,Direção impecável
176,14,usuario_8,7.3,2024-02-01,Vale a pena assistir
177,14,usuario_24,7.9,2024-04-24,Muito longo
178,14,usuario_26,8.8,2024-09-04,Surpreendente!
179,14,usuario_10,6.8,2023-07-18,Trilha sonora marcante
180,14,usuario_28,7.9,2024-12-20,Decepcionante
181,14,usuario_2,2.9,2025-01-04,Vale a pena assistir
182,14,usuario_19,1.9,2025-06-18,Fotografia linda
183,14,usuario_6,7.1,2026-01-03,"Péssimo, não recomendo"
184,14,usuario_15,5.2,2023-08-25,Direção impecável
185,14,usuario_42,4.8,2025-06-01,Excelente filme!
186,14,usuario_35,5.4,2023-07-31,Roteiro fraco
187,14,usuario_32,6.9,2025-03-10,História cativante
188,14,usuario_25,4.1,2023-09-15,"Péssimo, não recomendo"
189,14,usuario_26,8.4,2024-11-19,Poderia ser melhor
190,14,usuario_26,3.8,2024-11-07,Muito longo
191,14,usuario_7,7.4,2024-01-30,Fotografia linda
192,14,usuario_35,2.3,2025-06-08,História cativante
193,14,usuario_8,1.6,2023-12-26,Decepcionante
194,15,usuario_42,4.7,2025-08-06,Surpreendente!
195,15,usuario_11,6.3,2023-10-30,Filme razoável
196,15,usuario_21,3.4,2026-01-21,"Péssimo, não recomendo"
197,15,usuario_1,3.5,2024-06-24,Roteiro fraco
198,15,usuario_41,9.3,2026-02-25,Excelente filme!
199,15,usuario_38,6.9,2024-03-24,"Muito bom, recomendo!"
200,15,usuario_5,7.0,2024-07-29,Direção impecável
201,15,usuario_49,8.5,2024-07-17,Ótimo roteiro
202,15,usuario_47,7.4,2025-04-27,Decepcionante
203,15,usuario_11,2.0,2025-07-15,Fotografia linda
204,15,usuario_13,8.2,2025-12-13,Gostei bastante
205,15,usuario_18,5.9,2025-11-10,Atuações incríveis
206,15,usuario_49,7.6,2023-10-23,Efeitos especiais incríveis
207,16,usuario_9,2.3,2024-08-05,Muito longo
208,16,usuario_48,4.8,2026-01-04,Excelente filme!
209,16,usuario_39,9.7,2026-02-17,Decepcionante
210,16,usuario_17,4.4,2025-10-23,Excelente filme!
211,16,usuario_15,2.9,2024-12-25,Gostei bastante
212,16,usuario_27,2.5,2025-06-15,Muito longo
213,16,usuario_37,1.5,2024-11-29,Não gostei muito
214,16,usuario_9,3.1,2025-04-05,Surpreendente!
215,16,usuario_44,5.6,2025-05-15,Excelente filme!
216,16,usuario_34,6.2,2024-10-07,Roteiro fraco
217,16,usuario_39,3.4,2026-03-25,Obra-prima!
218,16,usuario_39,5.8,2025-08-16,Trilha sonora marcante
219,16,usuario_39,5.0,2024-10-27,"Péssimo, não recomendo"
220,16,usuario_45,7.4,2024-02-05,Ótimo roteiro
221,16,usuario_36,1.2,2025-07-20,Obra-prima!
222,16,usuario_25,9.7,2026-03-02,Fotografia linda
223,16,usuario_13,5.7,2024-04-10,Roteiro fraco
224,16,usuario_11,5.0,2025-05-19,Decepcionante
225,16,usuario_7,1.5,2026-02-28,Muito longo
226,16,usuario_26,7.9,2023-11-02,Muito longo
227,16,usuario_16,5.4,2025-08-11,Efeitos especiais incríveis
228,16,usuario_32,6.3,2023-08-05,Vale a pena assistir
229,16,usuario_11,2.0,2025-12-16,Roteiro fraco
230,16,usuario_27,5.6,2025-02-26,Direção impecável
231,17,usuario_34,3.5,2024-04-10,Obra-prima!
232,17,usuario_36,1.6,2024-10-13,Decepcionante
233,17,usuario_6,5.9,2023-09-02,Muito longo
234,17,usuario_15,7.1,2026-02-27,Excelente filme!
235,17,usuario_3,9.5,2026-03-02,Trilha sonora marcante
236,17,usuario_27,2.8,2025-12-01,Fotografia linda
237,18,usuario_17,4.0,2024-07-15,Vale a pena assistir
238,18,usuario_13,3.9,2025-09-02,Atuações incríveis
239,18,usuario_30,8.2,2023-09-30,História cativante
240,18,usuario_50,5.9,2025-07-28,Muito longo
241,18,usuario_14,9.5,2024-05-19,Não gostei muito
242,18,usuario_21,3.3,2023-12-22,Não gostei muito
243,18,usuario_7,1.1,2026-01-27,Filme razoável
244,18,usuario_18,3.3,2025-08-18,Vale a pena assistir
245,18,usuario_36,2.2,2024-09-01,Muito longo
246,18,usuario_2,4.1,2023-09-02,Atuações incríveis
247,18,usuario_42,1.2,2025-09-29,Vale a pena assistir
248,18,usuario_27,8.5,2023-07-21,Atuações incríveis
249,18,usuario_43,9.7,2023-11-04,"Muito bom, recomendo!"
250,18,usuario_26,2.2,2025-06-18,Atuações incríveis
251,18,usuario_31,1.4,2025-03-02,
252,18,usuario_40,9.7,2025-03-26,
253,18,usuario_46,2.0,2026-02-15,Muito longo
254,18,usuario_23,5.4,2026-02-13,"Muito bom, recomendo!"
255,18,usuario_20,6.9,2025-07-10,
256,18,usuario_10,3.9,2025-03-21,História cativante
257,18,usuario_33,10.0,2023-11-28,Excelente filme!
258,18,usuario_29,6.5,2025-01-03,"Muito bom, recomendo!"
259,18,usuario_6,3.1,2025-05-15,Ótimo roteiro
260,19,usuario_34,3.7,2024-04-12,Filme razoável
261,19,usuario_25,5.0,2025-06-23,
262,19,usuario_49,7.3,2025-04-10,Roteiro fraco
263,19,usuario_19,8.8,2024-09-03,Direção impecável
264,19,usuario_30,2.6,2023-11-19,Filme razoável
265,19,usuario_22,5.7,2023-07-20,Surpreendente!
266,19,usuario_39,3.4,2025-07-31,Excelente filme!
267,19,usuario_24,6.9,2024-07-03,Atuações incríveis
268,19,usuario_25,9.4,2024-02-28,
269,20,usuario_20,3.3,2024-11-09,Roteiro fraco
270,20,usuario_29,1.1,2023-07-26,Poderia ser melhor
271,20,usuario_33,3.9,2025-05-12,Trilha sonora marcante
272,20,usuario_11,7.7,2024-01-27,Roteiro fraco
273,20,usuario_21,2.3,2024-08-01,Poderia ser melhor
274,20,usuario_42,1.3,2026-03-04,Vale a pena assistir
275,20,usuario_44,4.4,2025-05-25,Atuações incríveis
276,20,usuario_29,5.8,2024-09-15,Gostei bastante
277,20,usuario_38,5.9,2024-06-07,Vale a pena assistir
278,20,usuario_6,2.6,2025-10-30,Filme razoável
279,20,usuario_6,2.6,2024-11-24,Ótimo roteiro
280,20,usuario_12,6.0,2025-04-05,"Péssimo, não recomendo"
281,20,usuario_22,7.6,2025-01-30,Efeitos especiais incríveis
282,21,usuario_49,8.7,2024-08-07,História cativante
283,21,usuario_13,7.2,2025-06-05,Muito longo
284,21,usuario_8,9.5,2024-04-10,Excelente filme!
285,21,usuario_4,9.8,2024-09-06,Poderia ser melhor
286,21,usuario_4,9.1,2024-09-12,Trilha sonora marcante
287,21,usuario_13,8.9,2025-06-16,Vale a pena assistir
288,21,usuario_37,1.6,2023-12-01,Decepcionante
289,21,usuario_26,2.9,2025-06-16,Vale a pena assistir
290,21,usuario_43,8.7,2023-11-10,Fotografia linda
291,21,usuario_33,7.1,2024-10-10,Surpreendente!
292,21,usuario_36,4.9,2025-09-08,Decepcionante
293,21,usuario_50,7.8,2026-03-04,Atuações incríveis
294,21,usuario_34,2.3,2025-07-29,Ótimo roteiro
295,21,usuario_13,1.5,2024-12-23,Gostei bastante
296,22,usuario_19,1.8,2026-02-16,Poderia ser melhor
297,22,usuario_34,5.0,2025-02-05,Obra-prima!
298,22,usuario_13,2.7,2024-09-12,Direção impecável
299,22,usuario_4,6.9,2025-03-15,Excelente filme!
300,22,usuario_25,8.4,2024-10-31,Excelente filme!
301,22,usuario_5,9.8,2025-04-29,Surpreendente!
302,22,usuario_33,4.8,2025-12-05,Fotografia linda
303,22,usuario_7,1.3,2024-11-11,
304,22,usuario_4,3.1,2024-11-03,Atuações incríveis
305,22,usuario_41,2.8,2023-12-22,Decepcionante
306,22,usuario_9,3.4,2025-02-01,Obra-prima!
307,22,usuario_18,2.5,2026-02-19,Atuações incríveis
308,22,usuario_33,5.6,2025-01-21,Não gostei muito
309,22,usuario_19,1.3,2026-03-06,Surpreendente!
310,23,usuario_46,1.3,2025-04-08,
311,23,usuario_11,9.2,2024-11-21,Fotografia linda
312,23,usuario_21,8.6,2025-08-04,Efeitos especiais incríveis
313,23,usuario_26,3.6,2024-06-09,Vale a pena assistir
314,23,usuario_12,1.5,2025-03-26,
315,23,usuario_4,1.8,2026-03-19,Trilha sonora marcante
316,23,usuario_16,3.6,2025-03-30,Efeitos especiais incríveis
317,23,usuario_14,1.4,2025-09-24,Não gostei muito
318,23,usuario_8,4.5,2026-02-21,"Péssimo, não recomendo"
319,23,usuario_42,5.6,2026-03-15,Filme razoável
320,23,usuario_10,9.3,2025-11-20,Ótimo roteiro
321,23,usuario_38,5.8,2024-06-14,Trilha sonora marcante
322,23,usuario_43,2.5,2025-11-04,História cativante
323,23,usuario_20,6.0,2024-01-02,História cativante
324,23,usuario_17,7.8,2024-05-04,"Péssimo, não recomendo"
325,23,usuario_1,5.4,2025-04-02,"Muito bom, recomendo!"
326,23,usuario_9,6.7,2025-10-25,Gostei bastante
327,23,usuario_5,3.4,2026-01-30,Muito longo
328,23,usuario_42,1.3,2026-03-30,Obra-prima!
329,23,usuario_40,4.4,2025-08-21,Trilha sonora marcante
330,24,usuario_41,2.0,2024-11-11,Poderia ser melhor
331,24,usuario_10,4.9,2026-04-06,Excelente filme!
332,24,usuario_3,2.4,2024-01-15,Muito longo
333,24,usuario_5,8.6,2024-08-13,Obra-prima!
334,24,usuario_42,1.2,2024-09-11,
335,24,usuario_16,1.9,2026-04-11,Poderia ser melhor
336,25,usuario_25,7.7,2024-01-07,Surpreendente!
337,25,usuario_25,3.5,2026-01-25,Direção impecável
338,25,usuario_1,3.5,2024-08-04,Direção impecável
339,25,usuario_10,9.3,2024-09-01,
340,25,usuario_8,6.7,2026-01-10,Direção impecável
341,25,usuario_30,1.9,2023-08-07,História cativante
342,25,usuario_45,1.1,2026-01-21,Trilha sonora marcante
343,25,usuario_47,3.0,2026-03-24,Ótimo roteiro
344,25,usuario_13,6.2,2026-03-08,Filme razoável
345,25,usuario_42,6.6,2025-04-03,"Péssimo, não recomendo"
346,25,usuario_34,1.5,2026-03-20,Fotografia linda
347,25,usuario_8,3.8,2025-11-26,Filme razoável
348,25,usuario_20,4.2,2023-12-23,Excelente filme!
349,25,usuario_10,7.3,2023-12-03,Obra-prima!
350,25,usuario_48,1.2,2023-09-15,Não gostei muito
351,25,usuario_37,5.9,2025-09-10,Atuações incríveis
352,26,usuario_40,3.6,2025-06-13,Fotografia linda
353,26,usuario_25,6.1,2024-09-24,Fotografia linda
354,26,usuario_39,3.2,2025-05-31,Filme razoável
355,26,usuario_24,8.5,2026-04-12,Filme razoável
356,26,usuario_11,3.1,2024-12-07,Decepcionante
357,26,usuario_8,3.8,2025-11-16,
358,26,usuario_29,7.0,2024-10-31,Direção impecável
359,26,usuario_47,1.9,2024-01-24,Ótimo roteiro
360,26,usuario_32,5.8,2024-02-27,Direção impecável
361,26,usuario_27,6.0,2026-03-01,Poderia ser melhor
362,26,usuario_20,3.1,2023-07-22,Obra-prima!
363,26,usuario_22,4.2,2026-03-05,Filme razoável
364,26,usuario_29,9.5,2025-04-07,"Péssimo, não recomendo"
365,26,usuario_44,9.0,2023-10-05,Vale a pena assistir
366,26,usuario_46,6.0,2024-06-01,Atuações incríveis
367,26,usuario_29,7.7,2024-10-30,Direção impecável
368,26,usuario_37,8.9,2025-01-14,Direção impecável
369,26,usuario_50,2.4,2023-10-19,Gostei bastante
370,26,usuario_20,8.4,2025-03-06,"Muito bom, recomendo!"
371,26,usuario_43,9.6,2025-12-21,Não gostei muito
372,26,usuario_4,7.1,2023-07-28,Decepcionante
373,26,usuario_4,9.0,2025-05-03,Direção impecável
374,26,usuario_14,7.0,2025-08-30,Fotografia linda
375,26,usuario_28,7.5,2025-12-24,Ótimo roteiro
376,27,usuario_47,9.0,2024-11-01,Decepcionante
377,27,usuario_45,6.3,2024-05-28,Atuações incríveis
378,27,usuario_36,9.9,2025-11-09,Direção impecável
379,27,usuario_34,9.0,2024-08-21,Não gostei muito
380,27,usuario_38,2.4,2025-05-02,Poderia ser melhor
381,27,usuario_41,8.8,2023-09-20,Obra-prima!
382,27,usuario_6,2.7,2024-05-27,Atuações incríveis
383,27,usuario_8,5.1,2024-05-21,Ótimo roteiro
384,27,usuario_22,3.9,2025-02-05,Trilha sonora marcante
385,27,usuario_39,4.7,2024-01-28,Vale a pena assistir
386,27,usuario_34,9.2,2024-08-05,Poderia ser melhor
387,27,usuario_29,9.0,2025-11-03,História cativante
388,27,usuario_27,8.4,2024-03-06,Trilha sonora marcante
389,27,usuario_13,2.9,2026-02-05,Ótimo roteiro
390,27,usuario_34,2.5,2025-09-14,Muito longo
391,27,usuario_31,6.6,2023-08-20,Obra-prima!
392,27,usuario_41,4.4,2026-03-29,Obra-prima!
393,27,usuario_47,2.1,2025-07-25,"Muito bom, recomendo!"
394,27,usuario_16,4.1,2024-04-23,Surpreendente!
395,27,usuario_4,5.6,2023-08-28,Poderia ser melhor
396,27,usuario_18,2.9,2025-02-03,Trilha sonora marcante
397,27,usuario_19,3.0,2023-11-07,Filme razoável
398,27,usuario_19,1.6,2024-12-29,Roteiro fraco
399,27,usuario_16,5.5,2025-02-01,História cativante
400,28,usuario_11,7.7,2026-01-11,"Péssimo, não recomendo"
401,28,usuario_27,9.0,2024-03-25,Fotografia linda
402,28,usuario_1,2.8,2025-08-26,História cativante
403,28,usuario_18,7.4,2023-11-23,
404,28,usuario_8,8.3,2024-05-31,"Muito bom, recomendo!"
405,28,usuario_16,9.3,2024-05-26,Vale a pena assistir
406,28,usuario_25,8.7,2025-10-10,História cativante
407,28,usuario_7,7.6,2026-02-16,Muito longo
408,28,usuario_28,6.3,2025-09-10,Atuações incríveis
409,28,usuario_5,6.9,2023-09-30,Direção impecável
410,28,usuario_13,7.7,2025-07-23,Excelente filme!
411,28,usuario_26,7.7,2025-06-07,Excelente filme!
412,29,usuario_3,9.7,2025-11-30,Efeitos especiais incríveis
413,29,usuario_22,7.1,2025-01-16,
414,29,usuario_19,4.2,2024-03-18,
415,29,usuario_1,6.6,2023-10-26,"Péssimo, não recomendo"
416,29,usuario_37,4.7,2024-12-13,Roteiro fraco
417,29,usuario_15,7.5,2025-05-03,Gostei bastante
418,29,usuario_18,7.1,2023-12-22,Não gostei muito
419,29,usuario_2,3.8,2026-02-14,Obra-prima!
420,29,usuario_29,5.3,2025-05-10,Fotografia linda
421,29,usuario_43,5.8,2024-01-11,Trilha sonora marcante
422,29,usuario_43,3.3,2024-09-03,Atuações incríveis
423,29,usuario_47,1.5,2024-11-29,Muito longo
424,29,usuario_17,9.4,2025-04-10,Vale a pena assistir
425,30,usuario_23,7.8,2024-11-06,Muito longo
426,30,usuario_12,7.3,2025-10-17,Vale a pena assistir
427,30,usuario_8,9.8,2024-09-20,Decepcionante
428,30,usuario_39,6.0,2024-09-17,Atuações incríveis
429,30,usuario_23,4.6,2025-07-04,Decepcionante
430,30,usuario_29,4.2,2023-10-19,Fotografia linda
431,30,usuario_29,6.6,2024-10-17,Fotografia linda
432,30,usuario_27,6.8,2025-02-21,Ótimo roteiro
433,30,usuario_21,2.5,2025-10-10,Não gostei muito
434,30,usuario_45,6.0,2024-06-20,Direção impecável
435,31,usuario_2,1.6,2023-12-11,Direção impecável
436,31,usuario_12,1.2,2024-12-27,Ótimo roteiro
437,31,usuario_23,2.8,2025-04-08,Fotografia linda
438,31,usuario_5,2.7,2024-11-28,Gostei bastante
439,31,usuario_8,6.4,2026-01-17,"Péssimo, não recomendo"
440,31,usuario_20,7.0,2024-10-04,Efeitos especiais incríveis
441,31,usuario_3,3.0,2024-10-31,Filme razoável
442,31,usuario_13,5.9,2026-03-26,Poderia ser melhor
443,31,usuario_17,6.2,2025-12-04,Direção impecável
444,32,usuario_49,5.9,2024-11-15,Efeitos especiais incríveis
445,32,usuario_42,1.5,2023-11-23,Direção impecável
446,32,usuario_3,5.6,2025-02-21,
447,32,usuario_21,5.0,2025-05-29,Obra-prima!
448,32,usuario_10,1.3,2023-12-24,Muito longo
449,32,usuario_45,3.3,2026-04-03,Filme razoável
450,33,usuario_31,2.8,2025-09-01,Decepcionante
451,33,usuario_3,5.4,2025-10-06,Não gostei muito
452,33,usuario_20,4.4,2025-09-20,Direção impecável
453,33,usuario_41,1.5,2024-12-23,Roteiro fraco
454,33,usuario_23,4.9,2025-01-16,Não gostei muito
455,33,usuario_48,3.8,2026-02-18,Decepcionante
456,33,usuario_44,3.7,2024-01-26,Vale a pena assistir
457,33,usuario_24,6.1,2024-04-30,
458,33,usuario_40,7.3,2023-07-27,Decepcionante
459,33,usuario_3,2.3,2024-03-31,Efeitos especiais incríveis
460,33,usuario_7,2.5,2023-08-11,Ótimo roteiro
461,33,usuario_22,4.6,2024-02-05,Gostei bastante
462,33,usuario_25,2.9,2024-03-10,Poderia ser melhor
463,33,usuario_32,10.0,2023-09-18,Decepcionante
464,33,usuario_42,2.4,2026-01-12,
465,33,usuario_18,6.4,2025-05-14,Filme razoável
466,33,usuario_17,7.6,2025-03-03,Efeitos especiais incríveis
467,33,usuario_46,3.9,2024-02-24,Poderia ser melhor
468,33,usuario_33,7.3,2024-04-29,Atuações incríveis
469,33,usuario_25,1.5,2026-03-02,Ótimo roteiro
470,33,usuario_28,6.3,2023-07-29,História cativante
471,34,usuario_48,8.4,2024-01-28,Trilha sonora marcante
472,34,usuario_12,8.3,2025-01-01,"Muito bom, recomendo!"
473,34,usuario_33,1.3,2023-08-14,Ótimo roteiro
474,34,usuario_14,5.2,2025-11-16,Não gostei muito
475,34,usuario_29,8.3,2025-11-12,Decepcionante
476,34,usuario_4,3.7,2025-09-07,"Muito bom, recomendo!"
477,34,usuario_47,8.4,2025-01-03,Decepcionante
478,34,usuario_8,6.6,2026-03-09,Obra-prima!
479,34,usuario_47,6.2,2025-07-25,Filme razoável
480,34,usuario_36,7.5,2024-04-17,Direção impecável
481,34,usuario_29,7.4,2024-04-28,Surpreendente!
482,34,usuario_34,8.9,2024-12-06,Decepcionante
483,34,usuario_42,9.7,2025-08-23,Direção impecável
484,34,usuario_1,1.4,2024-04-13,Direção impecável
485,34,usuario_46,6.7,2025-12-08,Fotografia linda
486,34,usuario_29,5.1,2024-04-26,Não gostei muito
487,34,usuario_4,3.7,2024-06-16,Não gostei muito
488,34,usuario_4,8.9,2024-04-18,História cativante
489,34,usuario_37,8.4,2024-12-16,Muito longo
490,34,usuario_35,3.0,2024-03-07,"Muito bom, recomendo!"
491,34,usuario_10,7.8,2025-10-18,Decepcionante
492,34,usuario_8,4.2,2025-06-13,"Péssimo, não recomendo"
493,34,usuario_23,3.5,2024-12-15,Fotografia linda
494,34,usuario_42,4.3,2024-08-26,Decepcionante
495,35,usuario_14,1.6,2025-10-17,Trilha sonora marcante
496,35,usuario_39,6.7,2025-12-18,Não gostei muito
497,35,usuario_19,2.4,2024-07-25,"Péssimo, não recomendo"
498,35,usuario_40,6.7,2024-03-31,Surpreendente!
499,35,usuario_10,5.9,2024-07-10,Direção impecável
500,35,usuario_14,8.6,2024-07-16,Poderia ser melhor
501,35,usuario_19,6.7,2025-11-21,Não gostei muito
502,35,usuario_34,6.5,2023-11-02,Excelente filme!
503,35,usuario_41,7.8,2026-03-27,História cativante
504,35,usuario_35,7.8,2024-07-05,Gostei bastante
505,36,usuario_33,3.6,2023-09-17,Fotografia linda
506,36,usuario_28,2.4,2024-09-24,Poderia ser melhor
507,36,usuario_27,4.8,2024-03-15,Vale a pena assistir
508,36,usuario_41,3.2,2026-01-06,Atuações incríveis
509,36,usuario_8,2.5,2025-06-23,Filme razoável
510,36,usuario_20,3.5,2023-07-25,Atuações incríveis
511,36,usuario_4,9.3,2025-04-20,Surpreendente!
512,36,usuario_48,3.2,2025-05-15,"Muito bom, recomendo!"
513,36,usuario_22,2.7,2024-09-18,"Péssimo, não recomendo"
514,36,usuario_49,3.5,2023-10-11,Efeitos especiais incríveis
515,36,usuario_40,7.0,2025-03-11,Roteiro fraco
516,36,usuario_28,3.1,2023-08-04,"Muito bom, recomendo!"
517,36,usuario_31,4.7,2024-11-14,Não gostei muito
518,36,usuario_35,7.9,2024-07-18,Trilha sonora marcante
519,36,usuario_10,6.6,2025-11-26,Direção impecável
520,36,usuario_3,1.5,2026-01-02,Ótimo roteiro
521,36,usuario_39,4.6,2023-10-07,Efeitos especiais incríveis
522,36,usuario_47,6.4,2026-02-02,"Péssimo, não recomendo"
523,36,usuario_15,2.6,2024-04-24,Direção impecável
524,36,usuario_27,1.1,2024-10-05,Não gostei muito
525,36,usuario_32,8.4,2024-11-15,"Péssimo, não recomendo"
526,36,usuario_23,1.9,2026-02-25,Vale a pena assistir
527,36,usuario_14,4.5,2023-08-09,Filme razoável
528,36,usuario_26,3.1,2025-08-20,Obra-prima!
529,37,usuario_42,5.8,2025-10-14,Vale a pena assistir
530,37,usuario_11,1.6,2025-03-08,Direção impecável
531,37,usuario_16,6.8,2025-12-21,"Muito bom, recomendo!"
532,37,usuario_22,6.6,2024-11-20,Muito longo
533,37,usuario_10,2.4,2025-06-08,Gostei bastante
534,37,usuario_50,3.1,2023-11-26,Vale a pena assistir
535,37,usuario_45,1.1,2023-09-25,Trilha sonora marcante
536,37,usuario_3,5.1,2024-12-03,História cativante
537,37,usuario_20,7.3,2026-03-10,Gostei bastante
538,37,usuario_37,4.0,2025-04-04,Muito longo
539,37,usuario_33,6.2,2026-01-15,Vale a pena assistir
540,37,usuario_21,8.7,2024-11-08,Trilha sonora marcante
541,37,usuario_23,7.9,2026-01-14,Filme razoável
542,37,usuario_8,8.2,2026-01-07,"Péssimo, não recomendo"
543,37,usuario_23,6.6,2026-03-12,Fotografia linda
544,37,usuario_25,7.2,2025-02-14,Muito longo
545,38,usuario_18,3.7,2026-03-16,Trilha sonora marcante
546,38,usuario_2,5.8,2023-10-21,História cativante
547,38,usuario_2,8.0,2024-07-02,Surpreendente!
548,38,usuario_8,3.2,2023-09-20,Atuações incríveis
549,38,usuario_23,9.2,2024-06-26,Surpreendente!
550,38,usuario_30,2.6,2025-09-21,Ótimo roteiro
551,38,usuario_47,7.6,2026-01-12,Gostei bastante
552,38,usuario_13,9.7,2023-11-07,Decepcionante
553,38,usuario_9,2.3,2025-12-08,História cativante
554,38,usuario_39,7.6,2025-08-24,Não gostei muito
555,38,usuario_34,5.9,2025-11-26,Não gostei muito
556,38,usuario_38,9.8,2025-10-17,Vale a pena assistir
557,38,usuario_7,5.0,2024-04-14,Excelente filme!
558,38,usuario_13,9.2,2024-08-24,Vale a pena assistir
559,38,usuario_25,3.2,2025-06-28,Poderia ser melhor
560,38,usuario_7,9.8,2025-04-02,Não gostei muito
561,38,usuario_25,1.9,2026-01-12,História cativante
562,38,usuario_18,5.3,2025-12-12,Roteiro fraco
563,38,usuario_11,2.8,2024-01-27,Fotografia linda
564,38,usuario_2,5.4,2025-10-07,Excelente filme!
565,38,usuario_28,8.8,2025-06-22,Roteiro fraco
566,38,usuario_17,3.1,2025-03-02,Poderia ser melhor
567,38,usuario_24,6.7,2025-09-09,Obra-prima!
568,38,usuario_15,2.8,2024-06-13,
569,38,usuario_2,9.8,2024-05-12,História cativante
570,39,usuario_25,6.1,2026-02-21,Filme razoável
571,39,usuario_37,4.5,2024-12-13,Trilha sonora marcante
572,39,usuario_30,7.0,2025-01-31,
573,39,usuario_34,9.6,2025-03-18,Poderia ser melhor
574,39,usuario_42,8.6,2025-02-18,Obra-prima!
575,39,usuario_43,7.6,2025-04-23,Direção impecável
576,39,usuario_39,8.2,2024-03-18,Muito longo
577,39,usuario_27,8.6,2025-02-03,Atuações incríveis
578,39,usuario_50,1.5,2025-01-02,Trilha sonora marcante
579,39,usuario_22,4.2,2025-10-04,Gostei bastante
580,39,usuario_13,5.3,2025-10-25,Muito longo
581,40,usuario_36,7.2,2023-12-19,Excelente filme!
582,40,usuario_2,9.6,2023-10-03,"Muito bom, recomendo!"
583,40,usuario_46,1.5,2024-09-15,
584,40,usuario_50,9.6,2025-10-05,Obra-prima!
585,40,usuario_30,8.4,2025-06-13,Surpreendente!
586,40,usuario_7,1.4,2025-04-10,Trilha sonora marcante
587,40,usuario_21,5.3,2025-09-23,
588,40,usuario_27,5.3,2023-11-06,Gostei bastante
589,40,usuario_40,7.2,2024-12-08,"Péssimo, não recomendo"
590,41,usuario_50,2.7,2025-07-23,Roteiro fraco
591,41,usuario_27,6.4,2024-06-18,Roteiro fraco
592,41,usuario_7,7.7,2024-01-14,Obra-prima!
593,41,usuario_18,1.6,2024-11-09,Filme razoável
594,41,usuario_34,9.3,2023-08-22,Filme razoável
595,41,usuario_32,7.1,2023-12-18,Roteiro fraco
596,41,usuario_23,4.1,2025-02-26,História cativante
597,42,usuario_25,4.4,2024-03-07,Surpreendente!
598,42,usuario_13,7.7,2024-07-08,Trilha sonora marcante
599,42,usuario_39,9.8,2025-10-19,Atuações incríveis
600,42,usuario_42,6.2,2024-08-19,Roteiro fraco
601,42,usuario_34,7.5,2024-11-14,Fotografia linda
602,42,usuario_38,8.4,2023-07-29,"Muito bom, recomendo!"
603,42,usuario_47,9.0,2024-09-26,Direção impecável
604,42,usuario_42,3.7,2025-11-16,Efeitos especiais incríveis
605,42,usuario_11,9.7,2024-12-28,Excelente filme!
606,42,usuario_8,8.0,2025-07-16,
607,42,usuario_47,2.9,2023-10-31,Direção impecável
608,42,usuario_41,9.3,2024-01-18,Fotografia linda
609,42,usuario_34,1.4,2023-08-24,Filme razoável
610,42,usuario_21,8.9,2024-08-05,"Muito bom, recomendo!"
611,42,usuario_9,5.0,2025-09-29,Vale a pena assistir
612,42,usuario_37,3.1,2024-10-05,História cativante
613,42,usuario_27,2.3,2025-05-16,Trilha sonora marcante
614,42,usuario_28,3.1,2026-02-11,"Muito bom, recomendo!"
615,42,usuario_4,2.6,2025-07-18,Direção impecável
616,42,usuario_27,2.7,2024-08-03,Trilha sonora marcante
617,42,usuario_49,2.1,2024-09-08,Obra-prima!
618,43,usuario_8,8.7,2025-05-11,Ótimo roteiro
619,43,usuario_17,8.7,2024-11-22,Fotografia linda
620,43,usuario_29,1.8,2023-10-28,"Muito bom, recomendo!"
621,43,usuario_11,6.2,2025-10-05,Filme razoável
622,43,usuario_10,2.5,2025-11-27,Excelente filme!
623,43,usuario_30,4.5,2023-09-06,História cativante
624,43,usuario_27,5.8,2024-11-17,Trilha sonora marcante
625,43,usuario_26,2.2,2023-08-26,Fotografia linda
626,43,usuario_35,1.8,2026-01-13,
627,43,usuario_49,8.1,2026-03-06,História cativante
628,43,usuario_26,6.9,2026-01-18,Ótimo roteiro
629,43,usuario_18,6.2,2025-07-10,Vale a pena assistir
630,43,usuario_50,1.4,2023-09-04,Muito longo
631,43,usuario_10,7.1,2026-03-27,Trilha sonora marcante
632,43,usuario_8,4.4,2024-03-30,Muito longo
633,43,usuario_27,8.1,2024-09-07,Excelente filme!
634,43,usuario_39,2.9,2025-05-05,"Muito bom, recomendo!"
635,43,usuario_5,9.7,2023-07-19,Trilha sonora marcante
636,43,usuario_18,1.0,2023-07-30,Fotografia linda
637,43,usuario_11,4.5,2024-06-06,Direção impecável
638,43,usuario_28,2.6,2024-12-01,Muito longo
639,44,usuario_9,7.2,2024-02-12,Efeitos especiais incríveis
640,44,usuario_13,2.9,2026-03-02,Direção impecável
641,44,usuario_10,3.9,2024-02-10,Obra-prima!
642,44,usuario_19,2.5,2024-11-29,"Péssimo, não recomendo"
643,44,usuario_40,3.0,2024-03-15,Vale a pena assistir
644,44,usuario_20,2.0,2024-09-30,Trilha sonora marcante
645,44,usuario_48,10.0,2024-06-16,Atuações incríveis
646,45,usuario_13,2.6,2025-05-01,Obra-prima!
647,45,usuario_22,5.5,2023-10-19,Muito longo
648,45,usuario_49,2.4,2024-11-26,Obra-prima!
649,45,usuario_42,3.6,2024-05-30,Muito longo
650,45,usuario_29,2.6,2024-10-21,"Péssimo, não recomendo"
651,45,usuario_50,2.0,2024-08-18,Muito longo
652,45,usuario_22,1.7,2024-09-14,Filme razoável
653,45,usuario_15,2.2,2024-01-10,Atuações incríveis
654,45,usuario_2,7.0,2024-11-07,Ótimo roteiro
655,45,usuario_1,4.0,2025-11-01,Direção impecável
656,45,usuario_12,2.5,2024-11-12,Efeitos especiais incríveis
657,45,usuario_23,4.8,2025-07-04,Trilha sonora marcante
658,45,usuario_49,6.0,2023-11-27,Surpreendente!
659,45,usuario_44,5.9,2024-03-01,Obra-prima!
660,45,usuario_13,8.5,2025-07-25,Fotografia linda
661,45,usuario_49,7.4,2024-07-20,Ótimo roteiro
662,45,usuario_13,2.6,2024-07-12,Fotografia linda
663,45,usuario_32,5.1,2024-01-05,Fotografia linda
664,45,usuario_3,5.9,2024-03-24,Decepcionante
665,45,usuario_14,7.3,2023-12-28,Muito longo
666,45,usuario_45,2.6,2025-12-15,Roteiro fraco
667,45,usuario_37,3.5,2024-12-28,História cativante
668,45,usuario_7,4.4,2025-06-30,Surpreendente!
669,45,usuario_4,7.3,2024-02-22,"Péssimo, não recomendo"
670,45,usuario_11,2.1,2026-01-31,Não gostei muito
671,46,usuario_17,4.1,2024-08-31,Vale a pena assistir
672,46,usuario_46,3.8,2023-10-30,Decepcionante
673,46,usuario_37,8.2,2024-01-14,Atuações incríveis
674,46,usuario_43,7.0,2025-11-01,Ótimo roteiro
675,46,usuario_16,4.2,2024-05-04,Obra-prima!
676,46,usuario_41,6.4,2024-09-06,Efeitos especiais incríveis
677,46,usuario_29,4.4,2025-06-13,Atuações incríveis
678,46,usuario_1,6.8,2025-04-17,Ótimo roteiro
679,46,usuario_11,7.4,2025-09-06,Ótimo roteiro
680,46,usuario_18,8.4,2023-10-16,Efeitos especiais incríveis
681,46,usuario_9,6.7,2024-12-09,Fotografia linda
682,46,usuario_24,2.8,2024-04-08,Efeitos especiais incríveis
683,46,usuario_35,6.8,2024-10-21,Não gostei muito
684,46,usuario_4,6.1,2025-03-11,
685,46,usuario_4,5.1,2024-07-01,Vale a pena assistir
686,46,usuario_34,3.9,2026-01-13,Poderia ser melhor
687,47,usuario_36,1.6,2025-05-02,Muito longo
688,47,usuario_45,1.6,2025-11-24,Muito longo
689,47,usuario_9,5.8,2026-04-06,Filme razoável
690,47,usuario_49,5.2,2024-06-12,Trilha sonora marcante
691,47,usuario_47,7.2,2024-12-20,Atuações incríveis
692,47,usuario_48,7.0,2025-08-07,Poderia ser melhor
693,47,usuario_44,9.5,2024-12-06,Filme razoável
694,48,usuario_21,1.3,2023-07-21,Muito longo
695,48,usuario_19,2.4,2025-12-12,Roteiro fraco
696,48,usuario_47,3.9,2025-07-26,Efeitos especiais incríveis
697,48,usuario_45,9.1,2026-01-29,Poderia ser melhor
698,48,usuario_16,9.7,2025-12-15,"Muito bom, recomendo!"
699,48,usuario_43,7.3,2023-12-12,Ótimo roteiro
700,48,usuario_2,4.8,2025-05-02,Surpreendente!
701,48,usuario_22,3.3,2026-04-12,Ótimo roteiro
702,48,usuario_30,2.2,2024-09-16,Atuações incríveis
703,48,usuario_1,2.1,2026-02-20,"Péssimo, não recomendo"
704,48,usuario_44,6.2,2025-07-03,Filme razoável
705,48,usuario_30,4.9,2024-12-28,Obra-prima!
706,48,usuario_2,7.7,2023-11-23,Trilha sonora marcante
707,48,usuario_35,2.8,2024-05-15,Obra-prima!
708,48,usuario_16,4.2,2025-05-06,"Muito bom, recomendo!"
709,48,usuario_7,6.3,2026-01-05,História cativante
710,48,usuario_11,9.6,2026-02-04,Fotografia linda
711,48,usuario_49,5.5,2025-05-25,Atuações incríveis
712,49,usuario_1,5.7,2024-09-04,Excelente filme!
713,49,usuario_6,6.8,2024-04-26,Decepcionante
714,49,usuario_20,9.5,2023-12-12,"Muito bom, recomendo!"
715,49,usuario_38,2.1,2024-03-28,
716,49,usuario_11,3.4,2025-06-15,"Muito bom, recomendo!"
717,49,usuario_47,5.2,2024-02-11,Excelente filme!
718,49,usuario_10,3.6,2024-02-20,Fotografia linda
719,49,usuario_49,6.6,2023-08-29,Vale a pena assistir
720,49,usuario_47,2.4,2026-02-16,
721,49,usuario_45,3.4,2025-08-26,"Péssimo, não recomendo"
722,50,usuario_38,7.9,2025-01-02,Vale a pena assistir
723,50,usuario_18,1.2,2024-08-06,Surpreendente!
724,50,usuario_10,6.7,2024-12-01,História cativante
725,50,usuario_29,2.9,2024-06-25,Não gostei muito
726,50,usuario_48,9.7,2025-09-15,"Muito bom, recomendo!"
727,50,usuario_42,3.1,2026-02-26,"Muito bom, recomendo!"
728,50,usuario_4,3.4,2023-11-12,História cativante
729,50,usuario_29,4.7,2026-01-21,Trilha sonora marcante
730,51,usuario_26,2.4,2025-09-25,Surpreendente!
731,51,usuario_8,3.0,2024-03-18,Filme razoável
732,51,usuario_14,6.5,2023-11-28,Obra-prima!
733,51,usuario_42,7.2,2026-04-08,Efeitos especiais incríveis
734,51,usuario_47,5.3,2024-06-08,Gostei bastante
735,51,usuario_28,5.4,2025-03-22,Vale a pena assistir
736,51,usuario_30,7.5,2023-08-24,Excelente filme!
737,51,usuario_21,3.4,2024-03-21,Decepcionante
738,51,usuario_44,2.4,2025-05-29,Não gostei muito
739,51,usuario_24,2.2,2026-01-31,Trilha sonora marcante
740,51,usuario_29,4.7,2025-09-02,História cativante
741,51,usuario_4,6.9,2023-12-18,Decepcionante
742,51,usuario_16,6.0,2026-02-23,Muito longo
743,51,usuario_36,4.4,2025-04-11,Vale a pena assistir
744,51,usuario_12,6.2,2026-01-05,Não gostei muito
745,51,usuario_47,4.1,2025-05-01,História cativante
746,51,usuario_5,8.1,2025-05-23,Decepcionante
747,51,usuario_13,2.5,2024-07-31,Trilha sonora marcante
748,51,usuario_17,8.2,2024-05-31,Muito longo
749,52,usuario_13,4.4,2024-01-19,Obra-prima!
750,52,usuario_2,9.7,2025-10-18,"Muito bom, recomendo!"
751,52,usuario_44,6.0,2024-03-22,Muito longo
752,52,usuario_7,3.6,2025-12-05,Não gostei muito
753,52,usuario_33,4.8,2024-11-26,Ótimo roteiro
754,52,usuario_1,7.4,2023-12-20,Gostei bastante
755,52,usuario_1,4.9,2023-08-17,Surpreendente!
756,52,usuario_25,4.7,2025-11-07,Direção impecável
757,52,usuario_45,6.0,2024-06-23,Muito longo
758,52,usuario_30,4.3,2024-12-07,Decepcionante
759,52,usuario_42,8.3,2024-04-04,Efeitos especiais incríveis
760,52,usuario_46,8.5,2025-01-18,Obra-prima!
761,52,usuario_36,8.8,2024-03-16,Gostei bastante
762,52,usuario_45,5.6,2023-09-13,Surpreendente!
763,52,usuario_35,3.5,2023-08-23,Gostei bastante
764,52,usuario_36,6.4,2024-08-11,Filme razoável
765,52,usuario_1,6.0,2023-11-20,Vale a pena assistir
766,52,usuario_18,2.2,2024-05-03,Muito longo
767,52,usuario_45,8.5,2024-07-06,Atuações incríveis
768,52,usuario_4,1.9,2026-01-30,Roteiro fraco
769,52,usuario_17,3.4,2024-08-05,Atuações incríveis
770,52,usuario_43,9.4,2023-09-28,Direção impecável
771,53,usuario_26,6.9,2025-04-01,Filme razoável
772,53,usuario_32,8.3,2023-08-08,Excelente filme!
773,53,usuario_30,8.0,2026-01-08,Efeitos especiais incríveis
774,53,usuario_19,5.2,2024-01-02,Filme razoável
775,53,usuario_1,3.8,2024-09-12,História cativante
776,53,usuario_36,2.0,2023-08-29,Excelente filme!
777,53,usuario_12,1.3,2024-08-27,Ótimo roteiro
778,53,usuario_10,8.8,2024-11-27,Obra-prima!
779,53,usuario_44,7.3,2025-04-07,Roteiro fraco
780,53,usuario_27,4.5,2026-04-09,Trilha sonora marcante
781,53,usuario_6,8.7,2026-01-18,"Muito bom, recomendo!"
782,53,usuario_28,9.8,2024-12-09,
783,53,usuario_11,3.0,2025-12-06,Ótimo roteiro
784,53,usuario_16,2.1,2024-06-05,Direção impecável
785,53,usuario_6,7.3,2024-01-13,Filme razoável
786,53,usuario_5,9.9,2023-08-04,Filme razoável
787,53,usuario_15,2.6,2024-03-07,Muito longo
788,53,usuario_48,6.9,2024-08-22,Ótimo roteiro
789,54,usuario_11,9.3,2024-03-21,Filme razoável
790,54,usuario_23,2.5,2024-10-01,Excelente filme!
791,54,usuario_33,3.5,2025-11-27,História cativante
792,54,usuario_12,5.6,2025-10-19,Não gostei muito
793,54,usuario_36,8.7,2023-08-26,Muito longo
794,54,usuario_26,5.2,2024-11-22,Fotografia linda
795,54,usuario_48,6.4,2025-02-22,"Muito bom, recomendo!"
796,54,usuario_23,3.8,2024-12-30,Atuações incríveis
797,54,usuario_34,6.8,2025-12-05,Roteiro fraco
798,54,usuario_18,6.3,2025-09-28,Filme razoável
799,54,usuario_11,2.6,2024-11-03,Filme razoável
800,54,usuario_24,5.5,2025-04-06,"Péssimo, não recomendo"
801,54,usuario_45,1.3,2023-09-20,"Péssimo, não recomendo"
802,54,usuario_39,1.4,2026-03-30,Vale a pena assistir
803,54,usuario_48,9.4,2024-08-15,Surpreendente!
804,54,usuario_19,4.6,2025-02-17,Roteiro fraco
805,54,usuario_11,6.1,2026-01-08,Ótimo roteiro
806,54,usuario_13,8.0,2025-06-03,Efeitos especiais incríveis
807,55,usuario_40,1.3,2024-08-24,Fotografia linda
808,55,usuario_34,5.5,2025-07-06,Decepcionante
809,55,usuario_6,6.5,2024-02-15,História cativante
810,55,usuario_32,6.7,2023-08-03,Obra-prima!
811,55,usuario_47,5.2,2024-02-28,Poderia ser melhor
812,55,usuario_17,2.8,2024-01-28,História cativante
813,55,usuario_38,7.3,2023-09-10,Gostei bastante
814,55,usuario_7,2.4,2025-06-23,"Péssimo, não recomendo"
815,55,usuario_48,8.1,2024-05-11,Atuações incríveis
816,55,usuario_18,3.5,2025-04-06,Obra-prima!
817,55,usuario_13,2.8,2024-05-11,Efeitos especiais incríveis
818,55,usuario_3,5.5,2025-09-30,
819,55,usuario_14,3.9,2025-11-04,Não gostei muito
820,55,usuario_47,1.2,2025-07-27,Ótimo roteiro
821,55,usuario_28,3.2,2026-02-12,Roteiro fraco
822,55,usuario_50,8.7,2025-02-04,Surpreendente!
823,55,usuario_25,5.3,2025-09-06,Gostei bastante
824,55,usuario_21,5.1,2023-09-02,"Muito bom, recomendo!"
825,55,usuario_48,4.9,2026-03-23,Muito longo
826,55,usuario_41,6.4,2025-04-03,História cativante
827,56,usuario_19,3.2,2024-08-26,"Muito bom, recomendo!"
828,56,usuario_45,2.9,2024-02-01,Muito longo
829,56,usuario_17,7.8,2025-09-13,Vale a pena assistir
830,56,usuario_29,3.9,2024-06-25,Excelente filme!
831,56,usuario_20,5.6,2025-01-31,Muito longo
832,56,usuario_39,3.7,2025-11-11,Obra-prima!
833,56,usuario_6,5.9,2024-04-10,"Muito bom, recomendo!"
834,56,usuario_9,9.1,2023-11-08,"Péssimo, não recomendo"
835,56,usuario_40,2.5,2025-01-10,Fotografia linda
836,56,usuario_47,5.3,2025-05-11,Vale a pena assistir
837,56,usuario_3,4.1,2023-11-08,Decepcionante
838,56,usuario_39,3.2,2023-11-22,Surpreendente!
839,56,usuario_45,4.5,2025-05-31,História cativante
840,56,usuario_37,10.0,2024-10-24,Filme razoável
841,56,usuario_27,8.6,2025-04-23,Surpreendente!
842,56,usuario_47,1.0,2023-08-16,Gostei bastante
843,56,usuario_20,3.2,2024-11-12,Não gostei muito
844,56,usuario_44,1.7,2023-07-24,Atuações incríveis
845,56,usuario_19,5.5,2023-08-25,"Péssimo, não recomendo"
846,56,usuario_31,7.3,2024-03-16,Não gostei muito
847,56,usuario_4,1.5,2024-09-29,Trilha sonora marcante
848,56,usuario_33,5.6,2024-07-15,Atuações incríveis
849,57,usuario_32,5.1,2025-05-18,Gostei bastante
850,57,usuario_24,3.1,2024-03-17,Excelente filme!
851,57,usuario_31,5.9,2025-07-30,Decepcionante
852,57,usuario_7,4.7,2024-02-02,Decepcionante
853,57,usuario_9,1.8,2024-05-01,Obra-prima!
854,57,usuario_19,3.6,2025-10-30,Surpreendente!
855,57,usuario_13,2.2,2025-10-01,História cativante
856,57,usuario_3,1.8,2026-01-25,
857,57,usuario_44,4.4,2023-08-16,Efeitos especiais incríveis
858,57,usuario_34,9.5,2025-05-23,Direção impecável
859,57,usuario_17,2.3,2024-01-01,Poderia ser melhor
860,58,usuario_42,7.1,2025-12-16,Muito longo
861,58,usuario_27,7.2,2023-08-16,Muito longo
862,58,usuario_27,6.2,2023-09-14,Gostei bastante
863,58,usuario_4,8.0,2023-11-19,Não gostei muito
864,58,usuario_6,5.1,2025-04-10,Excelente filme!
865,58,usuario_49,7.8,2024-09-13,Direção impecável
866,58,usuario_3,6.0,2023-11-16,Vale a pena assistir
867,59,usuario_17,4.0,2025-03-07,Filme razoável
868,59,usuario_32,7.0,2025-03-01,Ótimo roteiro
869,59,usuario_12,6.4,2024-05-09,Gostei bastante
870,59,usuario_46,4.9,2024-02-01,Gostei bastante
871,59,usuario_50,8.8,2025-05-15,Decepcionante
872,59,usuario_48,10.0,2024-07-22,
873,59,usuario_41,4.6,2023-10-26,Excelente filme!
874,59,usuario_45,4.3,2025-10-08,Gostei bastante
875,59,usuario_3,9.5,2025-08-13,Excelente filme!
876,59,usuario_43,8.3,2024-07-26,História cativante
877,59,usuario_23,3.3,2025-05-21,Gostei bastante
878,59,usuario_44,3.4,2024-11-19,História cativante
879,59,usuario_25,5.8,2025-09-26,Surpreendente!
880,59,usuario_13,4.7,2024-11-07,Atuações incríveis
881,59,usuario_50,7.2,2024-12-17,Roteiro fraco
882,59,usuario_44,1.8,2025-09-07,Ótimo roteiro
883,59,usuario_3,5.6,2024-01-21,Excelente filme!
884,59,usuario_40,4.1,2024-08-06,Surpreendente!
885,59,usuario_3,3.9,2023-09-09,Muito longo
886,60,usuario_36,9.0,2025-06-20,"Péssimo, não recomendo"
887,60,usuario_11,7.1,2024-07-10,Gostei bastante
888,60,usuario_44,3.3,2024-11-13,Trilha sonora marcante
889,60,usuario_42,8.9,2024-09-17,Trilha sonora marcante
890,60,usuario_37,7.7,2023-12-15,Muito longo
891,60,usuario_30,2.0,2025-01-18,Obra-prima!
892,60,usuario_36,2.2,2024-09-30,Efeitos especiais incríveis
893,60,usuario_33,1.9,2024-12-29,
894,60,usuario_45,6.3,2024-09-23,Atuações incríveis
895,60,usuario_21,5.6,2024-06-23,Decepcionante
896,60,usuario_3,9.3,2025-01-18,Decepcionante
897,60,usuario_36,2.1,2024-06-14,Não gostei muito
898,60,usuario_22,6.4,2024-04-19,Trilha sonora marcante
899,60,usuario_42,4.9,2024-06-20,Excelente filme!
900,60,usuario_37,7.8,2026-03-02,Não gostei muito
901,60,usuario_26,6.0,2023-11-23,Vale a pena assistir
902,60,usuario_7,1.5,2025-02-19,Direção impecável
903,60,usuario_7,2.9,2024-06-23,História cativante
904,60,usuario_39,3.8,2026-02-05,Trilha sonora marcante
905,60,usuario_1,1.8,2025-03-07,Não gostei muito
906,60,usuario_43,9.3,2025-08-04,Ótimo roteiro
907,60,usuario_41,9.4,2023-10-20,Vale a pena assistir
908,61,usuario_19,9.6,2025-05-22,Filme razoável
909,61,usuario_25,8.6,2024-03-20,Efeitos especiais incríveis
910,61,usuario_9,7.3,2024-07-13,Surpreendente!
911,61,usuario_49,9.7,2023-08-13,Surpreendente!
912,61,usuario_4,6.9,2024-03-12,Não gostei muito
913,61,usuario_17,1.2,2025-06-03,Fotografia linda
914,61,usuario_14,1.6,2024-03-10,"Péssimo, não recomendo"
915,61,usuario_28,9.7,2024-11-16,Excelente filme!
916,61,usuario_6,9.3,2023-10-03,Surpreendente!
917,61,usuario_44,9.2,2025-06-16,Direção impecável
918,61,usuario_36,9.6,2024-08-23,
919,61,usuario_10,5.1,2025-11-04,História cativante
920,61,usuario_43,1.4,2024-12-30,Roteiro fraco
921,61,usuario_35,4.9,2026-02-13,Muito longo
922,62,usuario_28,4.5,2024-09-08,Não gostei muito
923,62,usuario_31,7.9,2026-02-15,Vale a pena assistir
924,62,usuario_27,5.2,2024-07-03,Atuações incríveis
925,62,usuario_34,6.6,2024-05-04,Surpreendente!
926,62,usuario_1,2.2,2025-11-07,Decepcionante
927,62,usuario_3,2.5,2025-12-11,Decepcionante
928,62,usuario_36,2.6,2025-12-26,História cativante
929,62,usuario_6,3.4,2025-11-07,Efeitos especiais incríveis
930,62,usuario_47,7.9,2024-07-14,Decepcionante
931,62,usuario_33,2.0,2024-08-22,Efeitos especiais incríveis
932,62,usuario_14,9.8,2024-06-23,Obra-prima!
933,62,usuario_34,5.4,2024-01-30,Fotografia linda
934,62,usuario_31,3.4,2025-10-22,"Péssimo, não recomendo"
935,62,usuario_2,6.9,2025-07-21,História cativante
936,62,usuario_32,6.9,2023-12-18,Excelente filme!
937,62,usuario_25,3.4,2024-04-24,Gostei bastante
938,62,usuario_41,8.0,2024-08-05,Direção impecável
939,62,usuario_46,4.6,2025-09-20,Surpreendente!
940,62,usuario_11,2.5,2025-10-14,Excelente filme!
941,63,usuario_11,6.0,2023-12-19,Atuações incríveis
942,63,usuario_25,9.7,2025-12-26,Ótimo roteiro
943,63,usuario_45,3.8,2024-08-07,Excelente filme!
944,63,usuario_38,4.4,2024-08-30,Gostei bastante
945,63,usuario_16,7.6,2025-06-20,Roteiro fraco
946,63,usuario_23,7.3,2024-01-14,
947,63,usuario_38,3.2,2023-08-08,Vale a pena assistir
948,63,usuario_3,3.6,2023-08-29,Filme razoável
949,63,usuario_15,3.2,2024-07-09,Roteiro fraco
950,63,usuario_8,9.1,2024-05-22,Não gostei muito
951,63,usuario_32,3.9,2024-07-16,
952,63,usuario_3,9.7,2025-05-25,Decepcionante
953,63,usuario_24,3.9,2026-03-09,Ótimo roteiro
954,64,usuario_33,9.1,2026-01-23,História cativante
955,64,usuario_22,4.6,2026-04-08,Decepcionante
956,64,usuario_41,9.0,2026-01-31,Efeitos especiais incríveis
957,64,usuario_20,8.0,2023-07-26,Decepcionante
958,64,usuario_30,2.9,2024-11-14,Poderia ser melhor
959,64,usuario_19,3.3,2026-02-18,Muito longo
960,64,usuario_30,1.7,2023-12-23,Atuações incríveis
961,64,usuario_48,2.7,2025-01-11,Trilha sonora marcante
962,64,usuario_22,2.3,2025-08-26,"Péssimo, não recomendo"
963,64,usuario_31,4.6,2026-02-08,Muito longo
964,64,usuario_13,3.0,2024-07-08,Obra-prima!
965,64,usuario_5,1.6,2025-02-01,Excelente filme!
966,64,usuario_49,6.3,2024-04-21,
967,64,usuario_38,2.3,2024-06-20,Obra-prima!
968,64,usuario_6,2.7,2024-01-30,Direção impecável
969,64,usuario_1,7.5,2025-02-16,Gostei bastante
970,64,usuario_27,2.2,2025-01-16,Atuações incríveis
971,64,usuario_20,3.0,2023-08-07,Roteiro fraco
972,64,usuario_13,6.6,2024-09-21,Muito longo
973,64,usuario_50,2.8,2025-02-23,Poderia ser melhor
974,64,usuario_40,2.8,2025-11-04,Direção impecável
975,64,usuario_32,7.3,2024-12-17,Gostei bastante
976,64,usuario_24,1.5,2024-08-29,Vale a pena assistir
977,64,usuario_5,9.3,2023-12-10,Roteiro fraco
978,64,usuario_14,6.9,2023-08-13,Muito longo
979,65,usuario_49,1.8,2023-10-30,Vale a pena assistir
980,65,usuario_10,2.4,2025-03-05,Não gostei muito
981,65,usuario_8,1.4,2025-07-16,Roteiro fraco
982,65,usuario_49,1.3,2025-02-26,"Muito bom, recomendo!"
983,65,usuario_43,5.2,2025-02-17,Ótimo roteiro
984,65,usuario_43,8.0,2024-04-01,Roteiro fraco
985,65,usuario_20,3.6,2024-01-26,Obra-prima!
986,66,usuario_34,5.5,2023-08-06,Obra-prima!
987,66,usuario_36,5.7,2024-10-26,Gostei bastante
988,66,usuario_22,7.9,2024-01-01,Direção impecável
989,66,usuario_22,6.9,2023-09-21,Obra-prima!
990,66,usuario_32,1.1,2025-09-03,História cativante
991,66,usuario_27,7.9,2025-07-16,Vale a pena assistir
992,66,usuario_14,2.6,2025-10-28,Filme razoável
993,66,usuario_40,9.5,2024-12-12,"Muito bom, recomendo!"
994,67,usuario_30,5.7,2024-05-04,Gostei bastante
995,67,usuario_24,9.0,2024-02-10,História cativante
996,67,usuario_34,8.4,2025-11-19,Não gostei muito
997,67,usuario_41,7.9,2025-06-13,História cativante
998,67,usuario_38,3.8,2023-12-21,
999,67,usuario_36,2.5,2024-01-24,
1000,68,usuario_30,6.5,2024-08-08,Decepcionante
1001,68,usuario_12,1.2,2024-07-11,"Muito bom, recomendo!"
1002,68,usuario_50,8.1,2025-03-07,Gostei bastante
1003,68,usuario_46,3.9,2025-12-22,Direção impecável
1004,68,usuario_28,5.3,2026-01-21,Decepcionante
1005,68,usuario_44,10.0,2024-02-14,Poderia ser melhor
1006,68,usuario_26,8.3,2025-05-19,"Péssimo, não recomendo"
1007,68,usuario_41,10.0,2024-02-20,Vale a pena assistir
1008,68,usuario_14,1.3,2023-08-22,Trilha sonora marcante
1009,68,usuario_19,1.2,2024-12-09,Não gostei muito
1010,68,usuario_5,5.8,2025-11-07,Não gostei muito
1011,68,usuario_27,4.7,2026-03-28,
1012,69,usuario_48,4.1,2023-07-25,Decepcionante
1013,69,usuario_37,1.8,2025-05-16,Excelente filme!
1014,69,usuario_21,8.3,2023-11-05,Filme razoável
1015,69,usuario_26,4.6,2024-08-10,Fotografia linda
1016,69,usuario_13,4.5,2023-07-28,Gostei bastante
1017,69,usuario_21,7.3,2025-01-23,Decepcionante
1018,69,usuario_43,7.9,2024-02-28,Direção impecável
1019,69,usuario_40,8.6,2026-04-01,Efeitos especiais incríveis
1020,69,usuario_43,6.5,2023-08-14,Muito longo
1021,69,usuario_40,2.0,2024-03-15,Obra-prima!
1022,69,usuario_39,4.6,2025-04-03,Direção impecável
1023,69,usuario_37,2.2,2024-11-10,Decepcionante
1024,69,usuario_23,5.4,2025-03-07,Ótimo roteiro
1025,70,usuario_8,5.0,2025-01-26,História cativante
1026,70,usuario_19,7.6,2024-12-23,Decepcionante
1027,70,usuario_28,1.3,2025-08-29,História cativante
1028,70,usuario_25,9.4,2023-12-08,Direção impecável
1029,70,usuario_4,6.8,2024-07-16,Atuações incríveis
1030,70,usuario_41,4.2,2025-04-28,Surpreendente!
1031,70,usuario_4,9.7,2024-10-31,Poderia ser melhor
1032,70,usuario_15,1.2,2023-09-14,Trilha sonora marcante
1033,70,usuario_15,4.6,2024-06-04,
1034,70,usuario_10,9.5,2026-02-28,Atuações incríveis
1035,70,usuario_21,8.2,2026-01-11,Ótimo roteiro
1036,70,usuario_28,8.0,2025-11-07,"Muito bom, recomendo!"
1037,70,usuario_16,6.5,2024-09-03,História cativante
1038,70,usuario_3,5.2,2024-05-06,Trilha sonora marcante
1039,70,usuario_19,1.0,2024-06-10,"Muito bom, recomendo!"
1040,70,usuario_35,2.7,2026-02-27,Gostei bastante
1041,70,usuario_23,7.7,2025-03-24,Fotografia linda
1042,70,usuario_10,5.0,2024-06-28,Vale a pena assistir
1043,70,usuario_14,3.4,2025-07-11,Fotografia linda
1044,71,usuario_10,5.4,2025-07-23,Filme razoável
1045,71,usuario_11,8.7,2024-10-10,Excelente filme!
1046,71,usuario_8,8.1,2023-10-30,Trilha sonora marcante
1047,71,usuario_36,5.4,2023-11-09,Direção impecável
1048,71,usuario_22,4.5,2024-11-16,Direção impecável
1049,71,usuario_18,6.2,2023-08-06,Ótimo roteiro
1050,71,usuario_14,3.9,2025-05-19,Filme razoável
1051,71,usuario_42,4.0,2024-09-15,Direção impecável
1052,71,usuario_18,1.4,2026-01-26,
1053,71,usuario_32,8.5,2024-06-21,Excelente filme!
1054,71,usuario_26,3.5,2025-10-04,Poderia ser melhor
1055,71,usuario_46,1.4,2024-12-22,Excelente filme!
1056,71,usuario_32,6.1,2024-01-30,Fotografia linda
1057,71,usuario_43,1.3,2025-01-12,Filme razoável
1058,71,usuario_42,7.0,2025-02-10,Trilha sonora marcante
1059,71,usuario_11,4.7,2025-05-15,Poderia ser melhor
1060,71,usuario_45,7.1,2026-02-04,"Péssimo, não recomendo"
1061,71,usuario_33,7.6,2025-09-27,Roteiro fraco
1062,71,usuario_13,6.7,2025-05-14,Poderia ser melhor
1063,71,usuario_14,5.1,2026-01-25,"Muito bom, recomendo!"
1064,71,usuario_8,5.0,2024-06-28,História cativante
1065,71,usuario_2,3.5,2024-01-09,Fotografia linda
1066,71,usuario_35,2.8,2025-07-02,Fotografia linda
1067,71,usuario_50,8.5,2025-07-14,Vale a pena assistir
1068,72,usuario_9,1.4,2026-03-12,Excelente filme!
1069,72,usuario_40,8.2,2024-06-01,Efeitos especiais incríveis
1070,72,usuario_16,9.1,2025-03-09,Excelente filme!
1071,72,usuario_32,3.2,2025-11-27,Fotografia linda
1072,72,usuario_29,5.1,2024-05-09,Trilha sonora marcante
1073,72,usuario_18,9.1,2025-05-16,Ótimo roteiro
1074,72,usuario_25,2.1,2024-03-19,Obra-prima!
1075,72,usuario_27,5.9,2025-07-24,Efeitos especiais incríveis
1076,72,usuario_35,2.5,2024-04-29,História cativante
1077,72,usuario_24,9.7,2025-10-24,Excelente filme!
1078,72,usuario_34,5.7,2023-08-18,Decepcionante
1079,72,usuario_17,9.3,2024-06-22,Direção impecável
1080,72,usuario_29,4.2,2023-07-22,História cativante
1081,72,usuario_34,2.2,2024-03-13,Atuações incríveis
1082,73,usuario_12,2.0,2025-02-06,Decepcionante
1083,73,usuario_31,1.8,2025-11-10,Filme razoável
1084,73,usuario_14,5.0,2024-07-11,Trilha sonora marcante
1085,73,usuario_38,6.9,2026-02-09,Vale a pena assistir
1086,73,usuario_46,9.1,2024-10-11,Obra-prima!
1087,73,usuario_24,6.8,2025-03-16,História cativante
1088,73,usuario_11,9.5,2024-01-20,Obra-prima!
1089,74,usuario_9,7.0,2023-08-12,Decepcionante
1090,74,usuario_45,9.2,2025-02-12,"Péssimo, não recomendo"
1091,74,usuario_19,2.7,2023-09-02,Ótimo roteiro
1092,74,usuario_16,3.4,2025-02-11,Efeitos especiais incríveis
1093,74,usuario_32,4.6,2025-02-02,"Muito bom, recomendo!"
1094,74,usuario_15,9.7,2024-03-22,Efeitos especiais incríveis
1095,74,usuario_35,1.2,2025-07-22,Decepcionante
1096,74,usuario_32,7.3,2026-01-01,Trilha sonora marcante
1097,74,usuario_13,9.3,2024-02-24,Efeitos especiais incríveis
1098,74,usuario_44,7.9,2025-02-21,Excelente filme!
1099,74,usuario_38,3.1,2025-09-12,Efeitos especiais incríveis
1100,74,usuario_19,9.1,2023-12-18,História cativante
1101,74,usuario_8,4.1,2025-04-13,Efeitos especiais incríveis
1102,74,usuario_36,4.8,2025-11-19,Obra-prima!
1103,74,usuario_8,2.5,2023-07-29,Vale a pena assistir
1104,74,usuario_20,2.0,2024-03-07,"Muito bom, recomendo!"
1105,74,usuario_25,2.0,2025-06-16,Filme razoável
1106,74,usuario_32,8.1,2026-01-31,
1107,74,usuario_12,8.8,2023-12-15,Atuações incríveis
1108,75,usuario_42,5.6,2025-06-29,Obra-prima!
1109,75,usuario_40,6.0,2024-09-08,Atuações incríveis
1110,75,usuario_21,2.0,2025-08-09,Ótimo roteiro
1111,75,usuario_49,4.6,2025-05-29,Surpreendente!
1112,75,usuario_30,5.9,2025-09-19,Fotografia linda
1113,75,usuario_25,6.2,2026-01-27,Fotografia linda
1114,75,usuario_12,9.3,2024-11-14,Fotografia linda
1115,75,usuario_26,4.7,2024-07-05,Muito longo
1116,75,usuario_39,6.1,2025-12-06,Filme razoável
1117,76,usuario_30,5.0,2025-06-11,Filme razoável
1118,76,usuario_35,4.7,2026-03-26,Direção impecável
1119,76,usuario_11,1.2,2025-06-22,Fotografia linda
1120,76,usuario_17,3.3,2024-06-22,Decepcionante
1121,76,usuario_32,7.9,2025-09-25,"Muito bom, recomendo!"
1122,76,usuario_50,9.2,2023-08-03,Obra-prima!
1123,76,usuario_45,7.3,2023-11-02,História cativante
1124,76,usuario_28,4.2,2024-04-28,Surpreendente!
1125,76,usuario_40,9.5,2024-01-17,Trilha sonora marcante
1126,76,usuario_24,7.7,2025-12-29,"Péssimo, não recomendo"
1127,76,usuario_12,6.8,2023-10-19,Atuações incríveis
1128,76,usuario_44,2.1,2023-12-19,Direção impecável
1129,76,usuario_38,7.4,2024-07-31,Não gostei muito
1130,76,usuario_48,6.9,2025-09-12,Vale a pena assistir
1131,76,usuario_32,3.5,2024-09-23,Poderia ser melhor
1132,76,usuario_41,5.5,2024-05-16,Excelente filme!
1133,76,usuario_48,4.4,2026-04-07,Muito longo
1134,76,usuario_9,8.0,2025-09-28,Decepcionante
1135,76,usuario_1,3.3,2024-04-15,Vale a pena assistir
1136,76,usuario_32,4.4,2023-07-31,"Muito bom, recomendo!"
1137,76,usuario_2,5.7,2023-07-22,Atuações incríveis
1138,77,usuario_11,6.4,2025-01-31,Direção impecável
1139,77,usuario_6,3.6,2023-08-01,Surpreendente!
1140,77,usuario_28,9.8,2023-11-21,Não gostei muito
1141,77,usuario_37,6.8,2024-08-08,Muito longo
1142,77,usuario_42,5.0,2024-05-22,Ótimo roteiro
1143,77,usuario_46,8.5,2023-08-23,Não gostei muito
1144,77,usuario_45,4.6,2025-05-09,Não gostei muito
1145,77,usuario_9,3.5,2025-07-20,Surpreendente!
1146,78,usuario_36,2.0,2025-03-22,História cativante
1147,78,usuario_46,2.9,2023-07-22,"Péssimo, não recomendo"
1148,78,usuario_45,2.2,2025-08-04,História cativante
1149,78,usuario_14,3.0,2025-02-05,Vale a pena assistir
1150,78,usuario_29,7.2,2025-02-22,Muito longo
1151,79,usuario_34,2.3,2025-05-06,Decepcionante
1152,79,usuario_12,3.8,2026-02-12,Atuações incríveis
1153,79,usuario_35,2.6,2024-05-26,Gostei bastante
1154,79,usuario_43,7.5,2025-05-03,Obra-prima!
1155,79,usuario_5,8.4,2025-07-13,Filme razoável
1156,79,usuario_13,6.5,2025-07-21,Direção impecável
1157,79,usuario_48,6.9,2024-11-01,Efeitos especiais incríveis
1158,79,usuario_17,8.8,2023-10-16,Obra-prima!
1159,79,usuario_44,3.3,2024-04-03,História cativante
1160,79,usuario_4,1.3,2023-10-03,Obra-prima!
1161,79,usuario_23,2.4,2025-11-27,Efeitos especiais incríveis
1162,79,usuario_9,6.8,2023-08-28,História cativante
1163,79,usuario_43,4.4,2025-01-23,Fotografia linda
1164,79,usuario_33,5.0,2026-03-25,História cativante
1165,79,usuario_40,8.3,2024-02-15,Atuações incríveis
1166,79,usuario_28,1.3,2024-07-05,Vale a pena assistir
1167,80,usuario_46,5.2,2024-06-24,Excelente filme!
1168,80,usuario_42,6.7,2024-02-07,Ótimo roteiro
1169,80,usuario_37,9.2,2023-09-03,Atuações incríveis
1170,80,usuario_26,5.0,2025-01-03,Vale a pena assistir
1171,80,usuario_14,5.3,2025-10-07,"Muito bom, recomendo!"
1172,80,usuario_25,4.8,2024-02-13,Gostei bastante
1173,80,usuario_48,9.5,2023-07-25,
1174,80,usuario_22,3.4,2023-12-03,Roteiro fraco
1175,80,usuario_27,6.6,2024-11-21,Obra-prima!
1176,80,usuario_13,9.0,2024-07-24,Decepcionante
1177,80,usuario_46,1.2,2023-11-22,"Péssimo, não recomendo"
1178,80,usuario_11,4.7,2025-10-30,Atuações incríveis
1179,80,usuario_5,7.6,2024-10-23,Filme razoável
1180,80,usuario_5,3.5,2026-01-18,Obra-prima!
1181,80,usuario_10,9.7,2025-08-08,Ótimo roteiro
1182,80,usuario_8,8.9,2025-01-02,Vale a pena assistir
1183,80,usuario_50,2.6,2025-10-05,História cativante
1184,80,usuario_35,8.0,2026-04-01,Muito longo
1185,80,usuario_40,1.8,2025-05-09,Obra-prima!
1186,80,usuario_27,4.3,2024-02-17,"Péssimo, não recomendo"
1187,80,usuario_41,5.1,2024-07-03,História cativante
1188,80,usuario_15,5.7,2024-05-11,Roteiro fraco
1189,81,usuario_2,7.3,2025-08-06,Roteiro fraco
1190,81,usuario_3,1.9,2025-12-06,Poderia ser melhor
1191,81,usuario_12,3.2,2026-02-13,Muito longo
1192,81,usuario_22,2.8,2023-10-01,Ótimo roteiro
1193,81,usuario_30,1.5,2023-11-19,Roteiro fraco
1194,81,usuario_42,4.4,2023-10-02,Vale a pena assistir
1195,81,usuario_33,9.1,2024-02-22,Decepcionante
1196,81,usuario_19,5.5,2025-02-28,Muito longo
1197,81,usuario_37,5.8,2024-10-19,Atuações incríveis
1198,81,usuario_9,2.8,2025-01-21,Fotografia linda
1199,81,usuario_32,5.2,2023-12-24,Atuações incríveis
1200,81,usuario_47,9.8,2024-11-15,Efeitos especiais incríveis
1201,81,usuario_31,2.7,2023-08-06,Decepcionante
1202,81,usuario_16,7.5,2023-08-25,Vale a pena assistir
1203,81,usuario_49,8.7,2023-10-25,Gostei bastante
1204,81,usuario_8,4.8,2025-07-11,Vale a pena assistir
1205,81,usuario_24,5.2,2024-03-07,Direção impecável
1206,81,usuario_27,2.1,2025-11-24,Obra-prima!
1207,81,usuario_33,6.8,2025-09-15,Muito longo
1208,82,usuario_48,6.1,2024-03-02,Vale a pena assistir
1209,82,usuario_28,6.0,2024-01-28,Direção impecável
1210,82,usuario_48,9.4,2025-10-05,"Muito bom, recomendo!"
1211,82,usuario_18,6.7,2024-04-10,Decepcionante
1212,82,usuario_49,3.6,2026-04-02,Fotografia linda
1213,82,usuario_16,6.3,2025-08-24,Fotografia linda
1214,82,usuario_46,6.8,2024-02-01,Excelente filme!
1215,82,usuario_42,6.6,2024-11-02,Fotografia linda
1216,82,usuario_11,1.5,2024-11-18,"Péssimo, não recomendo"
1217,82,usuario_10,7.6,2023-09-10,"Péssimo, não recomendo"
1218,82,usuario_48,2.8,2023-08-07,Ótimo roteiro
1219,82,usuario_4,4.4,2024-04-20,Atuações incríveis
1220,83,usuario_36,8.7,2025-04-17,Filme razoável
1221,83,usuario_31,9.1,2025-01-03,Direção impecável
1222,83,usuario_3,4.1,2024-08-18,Efeitos especiais incríveis
1223,83,usuario_32,3.7,2024-09-20,"Péssimo, não recomendo"
1224,83,usuario_15,8.1,2023-11-24,Vale a pena assistir
1225,83,usuario_23,4.6,2025-02-02,Atuações incríveis
1226,83,usuario_46,2.0,2023-11-14,Atuações incríveis
1227,83,usuario_13,6.3,2026-02-02,Direção impecável
1228,83,usuario_10,8.5,2025-10-28,Muito longo
1229,83,usuario_34,6.0,2024-10-21,Muito longo
1230,83,usuario_38,1.2,2025-06-28,Ótimo roteiro
1231,83,usuario_39,7.3,2026-02-03,Poderia ser melhor
1232,83,usuario_49,7.8,2024-05-24,Roteiro fraco
1233,83,usuario_50,1.6,2024-02-03,Efeitos especiais incríveis
1234,83,usuario_25,1.5,2024-01-03,
1235,83,usuario_7,6.3,2024-12-19,Obra-prima!
1236,83,usuario_44,5.3,2025-09-09,Filme razoável
1237,84,usuario_38,2.3,2024-05-17,Não gostei muito
1238,84,usuario_49,6.0,2023-08-17,"Muito bom, recomendo!"
1239,84,usuario_31,3.2,2025-10-17,"Muito bom, recomendo!"
1240,84,usuario_20,6.7,2024-11-18,História cativante
1241,84,usuario_49,7.7,2024-11-11,
1242,85,usuario_19,8.2,2026-02-21,Roteiro fraco
1243,85,usuario_44,6.4,2024-10-19,Filme razoável
1244,85,usuario_6,10.0,2024-03-12,Direção impecável
1245,85,usuario_41,2.4,2024-10-10,Direção impecável
1246,85,usuario_23,4.3,2025-10-01,Obra-prima!
1247,85,usuario_11,6.1,2024-07-02,Excelente filme!
1248,85,usuario_5,3.2,2025-12-10,Fotografia linda
1249,85,usuario_22,6.8,2024-08-10,Ótimo roteiro
1250,85,usuario_19,6.8,2023-11-29,Efeitos especiais incríveis
1251,85,usuario_19,5.8,2024-09-06,Surpreendente!
1252,85,usuario_19,7.8,2025-01-24,Surpreendente!
1253,85,usuario_11,1.8,2024-07-26,"Péssimo, não recomendo"
1254,85,usuario_21,4.7,2024-09-01,Trilha sonora marcante
1255,85,usuario_43,7.7,2025-06-10,Trilha sonora marcante
1256,85,usuario_2,6.5,2024-01-30,História cativante
1257,85,usuario_9,3.9,2023-12-26,Não gostei muito
1258,85,usuario_26,6.7,2023-12-18,Filme razoável
1259,85,usuario_43,7.2,2025-07-23,Muito longo
1260,85,usuario_39,5.2,2024-10-27,Filme razoável
1261,85,usuario_46,2.3,2026-02-27,Muito longo
1262,85,usuario_50,1.5,2023-11-19,Efeitos especiais incríveis
1263,85,usuario_33,8.7,2023-12-13,
1264,85,usuario_38,5.2,2023-11-26,Surpreendente!
1265,85,usuario_6,4.5,2024-08-20,Trilha sonora marcante
1266,85,usuario_37,7.8,2024-08-17,Ótimo roteiro
1267,86,usuario_22,3.7,2024-09-19,Fotografia linda
1268,86,usuario_4,8.4,2025-04-03,Decepcionante
1269,86,usuario_38,7.8,2025-01-20,Trilha sonora marcante
1270,86,usuario_21,6.5,2025-10-04,Efeitos especiais incríveis
1271,86,usuario_39,1.6,2024-01-15,Decepcionante
1272,86,usuario_37,6.0,2026-02-25,
1273,86,usuario_5,6.4,2026-02-11,Obra-prima!
1274,86,usuario_8,1.3,2025-05-20,Fotografia linda
1275,86,usuario_28,3.1,2025-11-21,"Péssimo, não recomendo"
1276,86,usuario_19,2.6,2024-08-07,Trilha sonora marcante
1277,86,usuario_50,2.7,2025-01-26,"Péssimo, não recomendo"
1278,86,usuario_42,1.6,2026-02-14,Gostei bastante
1279,86,usuario_4,6.3,2025-10-19,Surpreendente!
1280,86,usuario_15,1.8,2026-03-08,Vale a pena assistir
1281,86,usuario_48,9.5,2024-07-07,Direção impecável
1282,86,usuario_21,4.1,2023-11-07,Vale a pena assistir
1283,86,usuario_47,5.6,2024-04-02,História cativante
1284,86,usuario_16,8.8,2025-10-25,Obra-prima!
1285,86,usuario_42,7.1,2024-08-25,Surpreendente!
1286,86,usuario_16,9.7,2025-02-05,Muito longo
1287,86,usuario_36,6.0,2025-12-19,Decepcionante
1288,86,usuario_47,8.8,2023-07-30,"Péssimo, não recomendo"
1289,86,usuario_21,9.6,2023-11-28,Filme razoável
1290,87,usuario_43,6.4,2025-05-27,Surpreendente!
1291,87,usuario_46,2.9,2024-05-12,Roteiro fraco
1292,87,usuario_38,3.4,2024-06-14,Decepcionante
1293,87,usuario_39,7.5,2024-08-09,Muito longo
1294,87,usuario_35,9.3,2024-07-21,Trilha sonora marcante
1295,87,usuario_4,7.1,2023-09-03,Filme razoável
1296,87,usuario_3,3.2,2023-07-30,Atuações incríveis
1297,87,usuario_13,4.6,2024-12-16,Filme razoável
1298,87,usuario_44,6.0,2025-06-16,Muito longo
1299,87,usuario_34,2.3,2025-08-10,Decepcionante
1300,87,usuario_26,2.7,2026-02-04,"Muito bom, recomendo!"
1301,87,usuario_10,5.0,2026-03-04,Ótimo roteiro
1302,88,usuario_14,1.7,2023-11-07,História cativante
1303,88,usuario_9,6.8,2023-11-04,
1304,88,usuario_50,3.0,2023-12-27,Poderia ser melhor
1305,88,usuario_3,3.4,2025-07-25,
1306,88,usuario_46,1.4,2024-12-31,Trilha sonora marcante
1307,88,usuario_7,7.8,2024-06-12,Surpreendente!
1308,88,usuario_47,2.6,2023-09-03,Não gostei muito
1309,88,usuario_50,1.9,2024-10-01,Filme razoável
1310,88,usuario_31,8.0,2025-04-21,Poderia ser melhor
1311,88,usuario_30,6.2,2024-02-02,História cativante
1312,88,usuario_16,3.4,2024-05-08,Roteiro fraco
1313,88,usuario_41,5.6,2024-04-16,Trilha sonora marcante
1314,88,usuario_28,5.9,2025-06-10,Excelente filme!
1315,88,usuario_4,5.1,2024-02-22,Excelente filme!
1316,89,usuario_29,6.2,2023-12-18,Excelente filme!
1317,89,usuario_19,5.9,2024-05-02,Filme razoável
1318,89,usuario_22,1.7,2025-12-05,Não gostei muito
1319,89,usuario_38,3.9,2023-11-30,Trilha sonora marcante
1320,89,usuario_1,6.3,2025-01-14,Direção impecável
1321,89,usuario_1,8.9,2024-01-09,Fotografia linda
1322,89,usuario_44,6.4,2025-12-13,Efeitos especiais incríveis
1323,89,usuario_25,8.8,2025-07-18,"Muito bom, recomendo!"
1324,89,usuario_12,6.4,2023-07-18,História cativante
1325,89,usuario_47,7.5,2025-12-21,Surpreendente!
1326,89,usuario_4,4.2,2023-09-01,Obra-prima!
1327,89,usuario_28,1.7,2026-03-04,Poderia ser melhor
1328,89,usuario_34,6.9,2025-11-16,Muito longo
1329,89,usuario_35,7.0,2024-10-12,
1330,89,usuario_47,6.1,2023-10-26,"Muito bom, recomendo!"
1331,89,usuario_19,2.5,2025-12-20,Direção impecável
1332,89,usuario_9,9.8,2025-03-24,Roteiro fraco
1333,89,usuario_17,8.9,2024-06-22,Direção impecável
1334,89,usuario_35,1.8,2025-04-14,Fotografia linda
1335,89,usuario_26,5.0,2024-12-28,"Muito bom, recomendo!"
1336,89,usuario_7,7.7,2025-12-04,Excelente filme!
1337,89,usuario_12,8.7,2023-12-11,Obra-prima!
1338,89,usuario_15,1.6,2024-04-02,Fotografia linda
1339,89,usuario_19,6.1,2025-03-31,Obra-prima!
1340,89,usuario_29,8.5,2025-03-27,Poderia ser melhor
1341,90,usuario_26,2.7,2025-08-11,Efeitos especiais incríveis
1342,90,usuario_1,7.9,2025-06-20,Direção impecável
1343,90,usuario_48,3.5,2025-03-14,Obra-prima!
1344,90,usuario_19,3.8,2023-11-24,Não gostei muito
1345,90,usuario_12,7.1,2023-10-26,Fotografia linda
1346,90,usuario_16,2.3,2024-12-21,Excelente filme!
1347,90,usuario_47,4.0,2024-07-14,Não gostei muito
1348,90,usuario_36,1.7,2025-07-27,Ótimo roteiro
1349,90,usuario_30,6.7,2025-01-14,"Muito bom, recomendo!"
1350,90,usuario_1,4.3,2024-02-04,Atuações incríveis
1351,90,usuario_44,2.1,2024-05-21,Surpreendente!
1352,90,usuario_12,3.3,2024-08-28,Muito longo
1353,90,usuario_42,5.7,2024-04-24,Trilha sonora marcante
1354,90,usuario_50,4.9,2023-08-15,Efeitos especiais incríveis
1355,90,usuario_13,7.4,2025-06-02,Roteiro fraco
1356,91,usuario_33,3.4,2024-07-01,Ótimo roteiro
1357,91,usuario_44,5.9,2026-01-11,Direção impecável
1358,91,usuario_28,2.8,2023-09-29,Excelente filme!
1359,91,usuario_5,4.7,2025-04-21,História cativante
1360,91,usuario_46,5.5,2024-01-06,Obra-prima!
1361,91,usuario_22,9.8,2026-04-09,Muito longo
1362,91,usuario_38,8.7,2025-03-23,Gostei bastante
1363,91,usuario_38,1.0,2024-09-14,Gostei bastante
1364,91,usuario_37,1.6,2026-03-28,Efeitos especiais incríveis
1365,91,usuario_44,5.9,2026-01-12,
1366,91,usuario_28,3.4,2024-03-29,
1367,91,usuario_39,1.1,2024-09-26,Efeitos especiais incríveis
1368,91,usuario_4,1.9,2026-03-02,Gostei bastante
1369,91,usuario_21,9.9,2024-12-22,
1370,92,usuario_46,5.4,2025-12-14,Trilha sonora marcante
1371,92,usuario_30,7.1,2025-10-26,Fotografia linda
1372,92,usuario_25,2.0,2023-11-07,Excelente filme!
1373,92,usuario_28,7.3,2024-06-24,Excelente filme!
1374,92,usuario_31,2.0,2024-11-09,Surpreendente!
1375,92,usuario_39,9.5,2025-02-13,"Péssimo, não recomendo"
1376,92,usuario_26,9.4,2024-08-19,"Muito bom, recomendo!"
1377,92,usuario_24,8.3,2025-05-21,Surpreendente!
1378,92,usuario_9,1.5,2024-03-31,Vale a pena assistir
1379,92,usuario_14,3.0,2025-10-23,Excelente filme!
1380,92,usuario_48,4.3,2024-02-08,"Muito bom, recomendo!"
1381,92,usuario_44,8.7,2025-04-20,Ótimo roteiro
1382,92,usuario_25,8.9,2026-01-06,Muito longo
1383,92,usuario_12,1.3,2024-08-23,Poderia ser melhor
1384,92,usuario_47,8.5,2025-04-05,
1385,92,usuario_4,7.6,2024-01-15,Obra-prima!
1386,92,usuario_45,2.8,2024-05-26,Roteiro fraco
1387,93,usuario_9,6.7,2025-11-06,Direção impecável
1388,93,usuario_44,4.0,2025-07-17,Não gostei muito
1389,93,usuario_21,6.9,2025-04-16,
1390,93,usuario_23,2.2,2024-03-03,Roteiro fraco
1391,93,usuario_20,9.0,2024-09-20,Poderia ser melhor
1392,93,usuario_33,8.2,2025-08-27,Surpreendente!
1393,93,usuario_18,1.2,2024-03-12,Filme razoável
1394,94,usuario_32,5.7,2025-06-04,Roteiro fraco
1395,94,usuario_14,3.9,2024-06-24,"Muito bom, recomendo!"
1396,94,usuario_47,3.4,2025-04-11,Roteiro fraco
1397,94,usuario_43,5.4,2024-07-22,Obra-prima!
1398,94,usuario_14,2.4,2026-03-10,"Muito bom, recomendo!"
1399,94,usuario_2,4.8,2024-11-10,Obra-prima!
1400,94,usuario_7,7.3,2023-12-31,Filme razoável
1401,94,usuario_10,8.7,2024-05-17,Fotografia linda
1402,94,usuario_13,5.2,2025-04-13,
1403,94,usuario_16,6.7,2025-08-17,Poderia ser melhor
1404,94,usuario_23,5.8,2025-01-15,Gostei bastante
1405,94,usuario_10,5.4,2024-01-25,Filme razoável
1406,95,usuario_8,3.2,2025-04-27,Surpreendente!
1407,95,usuario_34,7.9,2025-01-07,
1408,95,usuario_4,4.3,2025-04-06,Vale a pena assistir
1409,95,usuario_1,3.9,2023-10-25,Surpreendente!
1410,95,usuario_42,2.3,2023-07-31,Trilha sonora marcante
1411,95,usuario_37,4.5,2025-03-08,Fotografia linda
1412,95,usuario_2,9.7,2025-08-10,Não gostei muito
1413,95,usuario_12,4.7,2024-07-05,Excelente filme!
1414,95,usuario_1,3.1,2023-10-10,Filme razoável
1415,95,usuario_6,3.6,2025-07-11,
1416,95,usuario_28,8.3,2026-03-10,"Muito bom, recomendo!"
1417,95,usuario_6,7.3,2024-06-27,Surpreendente!
1418,95,usuario_2,6.7,2025-02-23,
1419,95,usuario_26,1.8,2024-03-09,Não gostei muito
1420,95,usuario_40,5.2,2026-03-31,Direção impecável
1421,95,usuario_44,3.4,2026-02-18,"Muito bom, recomendo!"
1422,95,usuario_43,7.4,2024-05-09,Muito longo
1423,95,usuario_19,9.3,2024-02-26,Excelente filme!
1424,95,usuario_23,2.7,2025-08-03,Poderia ser melhor
1425,95,usuario_21,2.6,2024-05-07,Ótimo roteiro
1426,95,usuario_31,4.5,2024-02-11,Direção impecável
1427,96,usuario_40,4.1,2023-10-27,Ótimo roteiro
1428,96,usuario_8,1.7,2025-07-15,Vale a pena assistir
1429,96,usuario_34,9.8,2025-02-03,Excelente filme!
1430,96,usuario_2,7.8,2024-03-10,Vale a pena assistir
1431,96,usuario_7,3.4,2024-04-15,Gostei bastante
1432,96,usuario_42,7.7,2024-11-29,Vale a pena assistir
1433,96,usuario_4,4.7,2025-06-13,Direção impecável
1434,96,usuario_44,5.5,2025-09-27,"Péssimo, não recomendo"
1435,96,usuario_24,4.7,2025-12-09,Filme razoável
1436,96,usuario_7,6.3,2024-02-21,Surpreendente!
1437,96,usuario_17,2.2,2024-03-03,Efeitos especiais incríveis
1438,96,usuario_49,2.3,2025-07-09,Filme razoável
1439,96,usuario_40,3.5,2025-12-22,Vale a pena assistir
1440,96,usuario_37,8.3,2025-08-19,Não gostei muito
1441,96,usuario_14,2.3,2025-03-23,Muito longo
1442,96,usuario_21,3.5,2026-01-22,Roteiro fraco
1443,96,usuario_43,3.5,2024-04-16,Direção impecável
1444,96,usuario_14,3.0,2024-09-02,Fotografia linda
1445,96,usuario_3,6.8,2025-12-16,Poderia ser melhor
1446,96,usuario_11,3.5,2024-04-05,Gostei bastante
1447,96,usuario_40,8.4,2025-05-17,Surpreendente!
1448,96,usuario_6,8.3,2025-09-27,Ótimo roteiro
1449,96,usuario_15,3.1,2025-02-21,Vale a pena assistir
1450,97,usuario_48,4.3,2023-09-11,Ótimo roteiro
1451,97,usuario_15,2.3,2024-10-24,Surpreendente!
1452,97,usuario_2,2.9,2024-11-07,Decepcionante
1453,97,usuario_19,9.9,2025-07-17,Fotografia linda
1454,97,usuario_48,5.9,2026-04-03,História cativante
1455,97,usuario_37,1.6,2025-04-25,Decepcionante
1456,97,usuario_1,2.6,2024-09-01,Obra-prima!
1457,97,usuario_17,4.1,2023-07-22,Surpreendente!
1458,97,usuario_48,3.6,2023-09-03,
1459,97,usuario_50,4.4,2025-09-08,Não gostei muito
1460,97,usuario_39,3.7,2024-05-21,História cativante
1461,97,usuario_5,6.1,2024-09-03,"Péssimo, não recomendo"
1462,97,usuario_33,9.8,2024-11-21,"Muito bom, recomendo!"
1463,97,usuario_42,9.5,2025-11-03,História cativante
1464,97,usuario_47,2.2,2024-01-28,Direção impecável
1465,97,usuario_23,7.7,2024-04-25,Gostei bastante
1466,98,usuario_27,9.1,2025-09-28,"Péssimo, não recomendo"
1467,98,usuario_23,2.2,2025-10-09,Decepcionante
1468,98,usuario_11,7.6,2025-02-05,Surpreendente!
1469,98,usuario_44,4.3,2025-09-07,Excelente filme!
1470,98,usuario_44,9.7,2025-06-05,"Muito bom, recomendo!"
1471,98,usuario_15,5.7,2025-12-11,Obra-prima!
1472,98,usuario_29,5.1,2025-10-31,História cativante
1473,98,usuario_2,3.9,2024-12-26,Direção impecável
1474,98,usuario_14,9.6,2024-09-19,Ótimo roteiro
1475,98,usuario_7,6.3,2025-11-26,Poderia ser melhor
1476,98,usuario_27,6.7,2024-02-26,Não gostei muito
1477,98,usuario_34,5.0,2024-01-28,Atuações incríveis
1478,98,usuario_43,2.4,2025-03-22,Obra-prima!
1479,98,usuario_32,9.6,2024-05-05,Obra-prima!
1480,98,usuario_10,1.5,2024-09-16,História cativante
1481,98,usuario_48,4.8,2024-06-04,Muito longo
1482,98,usuario_6,2.9,2024-08-24,Decepcionante
1483,98,usuario_20,3.2,2025-11-28,Roteiro fraco
1484,98,usuario_23,4.8,2025-12-10,Gostei bastante
1485,98,usuario_21,7.6,2025-08-05,Surpreendente!
1486,98,usuario_34,7.0,2023-12-31,Trilha sonora marcante
1487,98,usuario_49,8.9,2025-11-29,Vale a pena assistir
1488,98,usuario_9,7.1,2024-08-24,Poderia ser melhor
1489,98,usuario_6,7.3,2023-11-21,Obra-prima!
1490,99,usuario_44,5.3,2026-03-05,Trilha sonora marcante
1491,99,usuario_13,4.9,2024-08-30,Obra-prima!
1492,99,usuario_5,7.8,2024-12-08,Filme razoável
1493,99,usuario_46,9.6,2024-10-05,Atuações incríveis
1494,99,usuario_13,8.3,2024-02-06,Fotografia linda
1495,99,usuario_19,3.9,2023-11-20,Obra-prima!
1496,99,usuario_4,5.3,2023-09-18,Vale a pena assistir
1497,99,usuario_14,4.8,2026-01-21,"Péssimo, não recomendo"
1498,99,usuario_2,1.9,2025-02-07,Excelente filme!
1499,99,usuario_1,9.6,2023-08-22,Roteiro fraco
1500,99,usuario_31,3.9,2025-01-24,História cativante
1501,99,usuario_50,9.2,2025-06-11,"Péssimo, não recomendo"
1502,99,usuario_14,5.1,2025-06-03,Gostei bastante
1503,99,usuario_49,4.5,2024-03-17,Roteiro fraco
1504,99,usuario_33,6.7,2024-04-03,Obra-prima!
1505,99,usuario_42,2.3,2025-08-22,Decepcionante
1506,100,usuario_18,5.0,2024-07-20,Filme razoável
1507,100,usuario_42,2.2,2025-03-20,Poderia ser melhor
1508,100,usuario_41,6.1,2024-05-22,Trilha sonora marcante
1509,100,usuario_37,2.3,2025-09-10,Obra-prima!
1510,100,usuario_17,4.5,2026-01-04,Muito longo
1511,100,usuario_8,7.0,2025-02-23,Fotografia linda
1512,100,usuario_49,8.9,2025-02-01,Efeitos especiais incríveis
1513,100,usuario_1,1.5,2025-05-17,Trilha sonora marcante
1514,100,usuario_30,9.5,2025-07-05,Muito longo
1515,100,usuario_11,3.5,2023-10-17,"Péssimo, não recomendo"
1516,100,usuario_20,2.6,2025-01-19,Atuações incríveis
1517,100,usuario_12,10.0,2024-11-11,Filme razoável
1518,100,usuario_16,8.8,2024-02-10,Poderia ser melhor
1519,100,usuario_11,7.4,2024-04-01,"Péssimo, não recomendo"
1520,100,usuario_32,9.5,2023-08-03,
1521,100,usuario_45,8.8,2024-08-30,"Péssimo, não recomendo"
1522,100,usuario_47,8.1,2025-05-27,Excelente filme!
1523,100,usuario_5,6.8,2025-10-07,Excelente filme!
1524,100,usuario_9,1.5,2026-02-12,Decepcionante
1525,100,usuario_15,8.4,2025-12-15,Não gostei muito
1526,100,usuario_19,7.0,2026-02-09,Decepcionante
